Timestamp,Flowrate (L/min),B2 - General - TGS2610 - V,B2 - General - TGS2611 - V,B2 - General - TGS2612 - V,B2 - General - MQ9_b - V,B2 - BME680 - temperature - °C,B2 - BME680 - temperature - V,B2 - BME680 - pressure - KPa,B2 - BME680 - pressure - V,B2 - BME680 - humidity - %,B2 - BME680 - humidity - V,B2 - BME680 - gas - Kohms,B2 - BME680 - gas - V,B2 - SGP41 - SRAW_VOC - raw,B2 - SGP41 - SRAW_NOx - raw,B1 - General - TGS2600 - V,B1 - General - TGS2602 - V,B1 - General - TGS2603 - V,B1 - General - MQ2 - V,B1 - Multichannel Gas Sensor - GM102B (NO2) - ppm,B1 - Multichannel Gas Sensor - GM102B (NO2) - V,B1 - Multichannel Gas Sensor - GM302B (C2H5CH) - ppm,B1 - Multichannel Gas Sensor - GM302B (C2H5CH) - V,B1 - Multichannel Gas Sensor - GM502B (VOC) - ppm,B1 - Multichannel Gas Sensor - GM502B (VOC) - V,B1 - Multichannel Gas Sensor - GM702B (CO) - ppm,B1 - Multichannel Gas Sensor - GM702B (CO) - V,B1 - SGP30 - tVOC - ppb,B1 - SGP30 - tVOC - V,B1 - SGP30 - CO2eq - ppm,B1 - SGP30 - CO2eq - V,B1 - BME688 - temperature - °C,B1 - BME688 - temperature - V,B1 - BME688 - pressure - KPa,B1 - BME688 - pressure - V,B1 - BME688 - humidity - %,B1 - BME688 - humidity - V,B1 - BME688 - gas - Kohms,B1 - BME688 - gas - V,B1 - Formaldehyde - hcho - ppb,B1 - Formaldehyde - hcho - V,B1 - Formaldehyde - humidity - %,B1 - Formaldehyde - humidity - V,B1 - Formaldehyde - temperature - °C,B1 - Formaldehyde - temperature - V
16-07-2025 14:40:47,1.0,2.11,0.18,0.45,0.18,24.56 °C,1.69,94.66 KPa,2.67,29.50 %,0.96,0.00 Kohms,0.00,31457,0,2.08,1.95,2.81,0.35,259 ppm,0.84,406 ppm,1.31,112 ppm,0.36,92 ppm,0.30,507 ppb,0.027,1198ppm,0.04,26.50 °C,1.74,94.68 KPa,2.67,37.37 %,1.22,12946.86 Kohms,27.19,30.40 ppb,0.099,25.53 %,0.82,26.04 °C,2.17
16-07-2025 14:40:52,1.0,2.11,0.18,0.46,0.19,24.56 °C,1.69,94.66 KPa,2.67,29.53 %,0.96,77.89 Kohms,0.16,31509,0,1.81,1.94,2.82,0.33,259 ppm,0.84,406 ppm,1.31,112 ppm,0.36,93 ppm,0.30,513 ppb,0.028,1193ppm,0.04,26.50 °C,1.74,94.68 KPa,2.67,37.33 %,1.22,12946.86 Kohms,27.19,30.40 ppb,0.099,25.54 %,0.82,26.02 °C,2.17
16-07-2025 14:40:57,1.0,1.63,0.19,0.45,0.19,24.58 °C,1.69,94.66 KPa,2.67,29.53 %,0.96,75.91 Kohms,0.16,31532,0,2.07,1.95,2.83,0.36,259 ppm,0.84,406 ppm,1.31,112 ppm,0.36,92 ppm,0.30,518 ppb,0.028,1203ppm,0.04,26.50 °C,1.74,94.68 KPa,2.67,37.35 %,1.22,12946.86 Kohms,27.19,30.40 ppb,0.099,25.54 %,0.82,26.02 °C,2.17
16-07-2025 14:41:02,1.0,0.96,0.18,0.45,0.18,24.60 °C,1.69,94.66 KPa,2.67,29.51 %,0.96,77.24 Kohms,0.16,31547,0,1.82,1.95,2.84,0.34,259 ppm,0.84,406 ppm,1.31,112 ppm,0.36,93 ppm,0.30,508 ppb,0.027,1183ppm,0.04,26.50 °C,1.74,94.68 KPa,2.67,37.35 %,1.22,12946.86 Kohms,27.19,30.20 ppb,0.099,25.54 %,0.82,26.03 °C,2.17
16-07-2025 14:41:07,1.0,1.25,0.18,0.45,0.19,24.61 °C,1.69,94.66 KPa,2.67,29.50 %,0.96,78.84 Kohms,0.17,31560,0,2.01,1.94,2.84,0.35,259 ppm,0.84,406 ppm,1.31,112 ppm,0.36,93 ppm,0.30,517 ppb,0.028,1178ppm,0.04,26.50 °C,1.74,94.68 KPa,2.67,37.34 %,1.22,12946.86 Kohms,27.19,30.40 ppb,0.099,25.55 %,0.82,26.03 °C,2.17
16-07-2025 14:41:12,1.0,1.99,0.18,0.45,0.18,24.61 °C,1.69,94.66 KPa,2.67,29.46 %,0.96,79.36 Kohms,0.17,31563,0,1.95,1.96,2.82,0.34,259 ppm,0.84,406 ppm,1.31,112 ppm,0.36,92 ppm,0.30,508 ppb,0.027,1183ppm,0.04,26.50 °C,1.74,94.68 KPa,2.67,37.35 %,1.22,12946.86 Kohms,27.19,30.60 ppb,0.099,25.56 %,0.82,26.01 °C,2.17
16-07-2025 14:41:17,1.0,2.05,0.19,0.45,0.18,24.61 °C,1.69,94.66 KPa,2.67,29.46 %,0.96,79.59 Kohms,0.17,31564,0,1.76,1.96,2.81,0.36,259 ppm,0.84,406 ppm,1.31,113 ppm,0.36,93 ppm,0.30,509 ppb,0.027,1166ppm,0.04,26.50 °C,1.74,94.68 KPa,2.67,37.37 %,1.22,12946.86 Kohms,27.19,30.60 ppb,0.099,25.54 %,0.82,26.03 °C,2.17
16-07-2025 14:41:22,1.0,1.38,0.18,0.45,0.18,24.62 °C,1.69,94.66 KPa,2.67,29.44 %,0.96,80.51 Kohms,0.17,31572,0,2.12,1.95,2.82,0.34,259 ppm,0.84,406 ppm,1.31,112 ppm,0.36,92 ppm,0.30,510 ppb,0.028,1165ppm,0.04,26.50 °C,1.74,94.68 KPa,2.67,37.36 %,1.22,12946.86 Kohms,27.19,30.60 ppb,0.099,25.55 %,0.82,26.03 °C,2.17
16-07-2025 14:41:27,1.0,1.2,0.18,0.45,0.18,24.62 °C,1.69,94.66 KPa,2.67,29.43 %,0.96,80.43 Kohms,0.17,31555,0,1.96,1.97,2.82,0.36,259 ppm,0.84,406 ppm,1.31,112 ppm,0.36,92 ppm,0.30,501 ppb,0.027,1168ppm,0.04,26.50 °C,1.74,94.68 KPa,2.67,37.36 %,1.22,12946.86 Kohms,27.19,30.40 ppb,0.099,25.56 %,0.82,26.02 °C,2.17
16-07-2025 14:41:32,1.0,1.67,0.18,0.45,0.19,24.62 °C,1.69,94.66 KPa,2.67,29.42 %,0.96,80.66 Kohms,0.17,31579,0,1.83,1.97,2.83,0.36,260 ppm,0.84,406 ppm,1.31,112 ppm,0.36,92 ppm,0.30,504 ppb,0.027,1175ppm,0.04,26.50 °C,1.74,94.68 KPa,2.67,37.35 %,1.22,12946.86 Kohms,27.19,30.40 ppb,0.099,25.55 %,0.82,26.03 °C,2.17
16-07-2025 14:41:37,1.0,2.02,0.19,0.45,0.18,24.63 °C,1.69,94.66 KPa,2.67,29.40 %,0.96,81.37 Kohms,0.17,31577,0,2.11,1.94,2.83,0.36,259 ppm,0.84,406 ppm,1.31,112 ppm,0.36,91 ppm,0.29,507 ppb,0.027,1161ppm,0.04,26.50 °C,1.74,94.68 KPa,2.67,37.35 %,1.22,12946.86 Kohms,27.19,30.20 ppb,0.099,25.55 %,0.82,26.04 °C,2.17
16-07-2025 14:41:42,1.0,1.89,0.19,0.46,0.19,24.64 °C,1.69,94.66 KPa,2.67,29.42 %,0.96,81.13 Kohms,0.17,31564,0,1.87,1.97,2.82,0.34,259 ppm,0.84,406 ppm,1.31,112 ppm,0.36,92 ppm,0.30,502 ppb,0.027,1171ppm,0.04,26.50 °C,1.74,94.68 KPa,2.67,37.36 %,1.22,12946.86 Kohms,27.19,30.40 ppb,0.099,25.55 %,0.82,26.06 °C,2.17
16-07-2025 14:41:47,1.0,1.31,0.18,0.45,0.19,24.63 °C,1.69,94.66 KPa,2.67,29.44 %,0.96,81.29 Kohms,0.17,31568,0,1.91,1.95,2.85,0.33,259 ppm,0.84,406 ppm,1.31,112 ppm,0.36,92 ppm,0.30,515 ppb,0.028,1173ppm,0.04,26.50 °C,1.74,94.68 KPa,2.67,37.37 %,1.22,12946.86 Kohms,27.19,30.60 ppb,0.099,25.56 %,0.82,26.04 °C,2.17
16-07-2025 14:41:52,1.0,1.1,0.19,0.45,0.18,24.64 °C,1.69,94.66 KPa,2.67,29.40 %,0.96,81.61 Kohms,0.17,31579,0,2.07,1.97,2.85,0.36,259 ppm,0.84,406 ppm,1.31,112 ppm,0.36,91 ppm,0.29,511 ppb,0.028,1161ppm,0.04,26.51 °C,1.74,94.68 KPa,2.67,37.36 %,1.22,12946.86 Kohms,27.19,30.60 ppb,0.099,25.55 %,0.82,26.02 °C,2.17
16-07-2025 14:41:57,1.0,1.68,0.18,0.45,0.18,24.63 °C,1.69,94.66 KPa,2.67,29.43 %,0.96,81.84 Kohms,0.17,31576,0,1.8,1.95,2.84,0.33,259 ppm,0.84,406 ppm,1.31,113 ppm,0.36,91 ppm,0.29,508 ppb,0.027,1159ppm,0.04,26.50 °C,1.74,94.68 KPa,2.67,37.36 %,1.22,12946.86 Kohms,27.19,30.40 ppb,0.099,25.55 %,0.82,26.05 °C,2.17
16-07-2025 14:42:02,1.0,2.05,0.18,0.45,0.18,24.64 °C,1.69,94.66 KPa,2.67,29.44 %,0.96,82.08 Kohms,0.17,31580,0,2.02,1.96,2.83,0.36,259 ppm,0.84,406 ppm,1.31,112 ppm,0.36,92 ppm,0.30,504 ppb,0.027,1149ppm,0.04,26.50 °C,1.74,94.67 KPa,2.67,37.36 %,1.22,12946.86 Kohms,27.19,30.20 ppb,0.099,25.55 %,0.82,26.05 °C,2.17
16-07-2025 14:42:07,1.0,1.85,0.18,0.45,0.18,24.64 °C,1.69,94.66 KPa,2.67,29.42 %,0.96,82.00 Kohms,0.17,31579,0,1.95,1.95,2.83,0.33,259 ppm,0.84,406 ppm,1.31,112 ppm,0.36,92 ppm,0.30,503 ppb,0.027,1155ppm,0.04,26.50 °C,1.74,94.68 KPa,2.67,37.39 %,1.22,12946.86 Kohms,27.19,30.20 ppb,0.099,25.55 %,0.82,26.02 °C,2.17
16-07-2025 14:42:12,1.0,1.22,0.19,0.45,0.18,24.64 °C,1.69,94.66 KPa,2.67,29.44 %,0.96,82.00 Kohms,0.17,31590,0,1.86,1.95,2.86,0.34,259 ppm,0.84,407 ppm,1.31,113 ppm,0.36,92 ppm,0.30,504 ppb,0.027,1161ppm,0.04,26.50 °C,1.74,94.68 KPa,2.67,37.36 %,1.22,12946.86 Kohms,27.19,30.00 ppb,0.099,25.55 %,0.82,26.05 °C,2.17
16-07-2025 14:42:17,1.0,1.23,0.19,0.45,0.18,24.64 °C,1.69,94.66 KPa,2.67,29.42 %,0.96,82.57 Kohms,0.17,31585,0,2.09,1.94,2.86,0.36,260 ppm,0.84,406 ppm,1.31,112 ppm,0.36,91 ppm,0.29,511 ppb,0.028,1169ppm,0.04,26.51 °C,1.74,94.68 KPa,2.67,37.36 %,1.22,12946.86 Kohms,27.19,30.00 ppb,0.099,25.54 %,0.82,26.03 °C,2.17
16-07-2025 14:42:22,1.0,1.89,0.18,0.45,0.18,24.65 °C,1.69,94.66 KPa,2.67,29.42 %,0.96,82.73 Kohms,0.17,31584,0,1.79,1.97,2.84,0.36,259 ppm,0.84,406 ppm,1.31,112 ppm,0.36,92 ppm,0.30,502 ppb,0.027,1165ppm,0.04,26.50 °C,1.74,94.67 KPa,2.67,37.37 %,1.22,12946.86 Kohms,27.19,29.80 ppb,0.095,25.55 %,0.82,26.04 °C,2.17
16-07-2025 14:42:27,1.0,1.97,0.19,0.45,0.18,24.65 °C,1.69,94.66 KPa,2.67,29.43 %,0.96,82.17 Kohms,0.17,31583,0,2.03,1.96,2.87,0.36,259 ppm,0.84,406 ppm,1.31,112 ppm,0.36,91 ppm,0.29,511 ppb,0.028,1163ppm,0.04,26.51 °C,1.74,94.68 KPa,2.67,37.37 %,1.22,12946.86 Kohms,27.19,29.60 ppb,0.095,25.55 %,0.82,26.04 °C,2.17
16-07-2025 14:42:32,1.0,1.38,0.19,0.45,0.18,24.64 °C,1.69,94.66 KPa,2.67,29.45 %,0.96,82.25 Kohms,0.17,31606,0,1.97,1.95,2.86,0.33,259 ppm,0.84,406 ppm,1.31,112 ppm,0.36,92 ppm,0.30,502 ppb,0.027,1153ppm,0.04,26.51 °C,1.74,94.68 KPa,2.67,37.37 %,1.22,12946.86 Kohms,27.19,29.80 ppb,0.095,25.55 %,0.82,26.05 °C,2.17
16-07-2025 14:42:37,1.0,1.15,0.18,0.46,0.19,24.65 °C,1.69,94.66 KPa,2.67,29.42 %,0.96,82.49 Kohms,0.17,31592,0,1.84,1.94,2.84,0.33,259 ppm,0.84,406 ppm,1.31,112 ppm,0.36,91 ppm,0.29,504 ppb,0.027,1165ppm,0.04,26.51 °C,1.74,94.68 KPa,2.67,37.37 %,1.22,12946.86 Kohms,27.19,29.80 ppb,0.095,25.55 %,0.82,26.04 °C,2.17
16-07-2025 14:42:42,1.0,1.65,0.18,0.46,0.19,24.66 °C,1.69,94.66 KPa,2.67,29.44 %,0.96,82.73 Kohms,0.17,31593,0,2.04,1.97,2.86,0.36,260 ppm,0.84,406 ppm,1.31,113 ppm,0.36,91 ppm,0.29,514 ppb,0.028,1169ppm,0.04,26.51 °C,1.74,94.68 KPa,2.67,37.37 %,1.22,12946.86 Kohms,27.19,29.80 ppb,0.095,25.56 %,0.82,26.03 °C,2.17
16-07-2025 14:42:47,1.0,2.06,0.18,0.46,0.19,24.65 °C,1.69,94.66 KPa,2.67,29.44 %,0.96,82.57 Kohms,0.17,31599,0,1.8,1.96,2.86,0.35,259 ppm,0.84,407 ppm,1.31,112 ppm,0.36,91 ppm,0.29,503 ppb,0.027,1171ppm,0.04,26.51 °C,1.74,94.68 KPa,2.67,37.37 %,1.22,12946.86 Kohms,27.19,30.00 ppb,0.099,25.55 %,0.82,26.05 °C,2.17
16-07-2025 14:42:52,1.0,1.68,0.19,0.45,0.18,24.66 °C,1.69,94.66 KPa,2.67,29.44 %,0.96,82.82 Kohms,0.17,31583,0,2.09,1.98,2.84,0.33,259 ppm,0.84,406 ppm,1.31,113 ppm,0.36,91 ppm,0.29,509 ppb,0.027,1179ppm,0.04,26.51 °C,1.74,94.68 KPa,2.67,37.37 %,1.22,12946.86 Kohms,27.19,30.00 ppb,0.099,25.55 %,0.82,26.05 °C,2.17
16-07-2025 14:42:57,1.0,1.18,0.18,0.45,0.18,24.66 °C,1.69,94.66 KPa,2.67,29.44 %,0.96,82.98 Kohms,0.17,31609,0,1.91,1.95,2.83,0.36,259 ppm,0.84,406 ppm,1.31,112 ppm,0.36,92 ppm,0.30,510 ppb,0.028,1189ppm,0.04,26.51 °C,1.74,94.68 KPa,2.67,37.36 %,1.22,12946.86 Kohms,27.19,30.20 ppb,0.099,25.55 %,0.82,26.05 °C,2.17
16-07-2025 14:43:02,1.0,1.33,0.19,0.45,0.19,24.66 °C,1.69,94.66 KPa,2.67,29.42 %,0.96,82.73 Kohms,0.17,31590,0,1.91,1.95,2.84,0.33,259 ppm,0.84,406 ppm,1.31,111 ppm,0.36,92 ppm,0.30,502 ppb,0.027,1179ppm,0.04,26.52 °C,1.74,94.68 KPa,2.67,37.37 %,1.22,12946.86 Kohms,27.19,30.20 ppb,0.099,25.55 %,0.82,26.04 °C,2.17
16-07-2025 14:43:07,1.0,1.88,0.18,0.45,0.18,24.66 °C,1.69,94.66 KPa,2.67,29.44 %,0.96,82.73 Kohms,0.17,31608,0,2.07,1.95,2.82,0.33,260 ppm,0.84,406 ppm,1.31,112 ppm,0.36,92 ppm,0.30,516 ppb,0.028,1185ppm,0.04,26.51 °C,1.74,94.68 KPa,2.67,37.36 %,1.22,12946.86 Kohms,27.19,30.20 ppb,0.099,25.55 %,0.82,26.04 °C,2.17
16-07-2025 14:43:12,1.0,2.01,0.18,0.45,0.18,24.66 °C,1.69,94.66 KPa,2.67,29.44 %,0.96,83.14 Kohms,0.17,31618,0,1.8,1.95,2.85,0.34,259 ppm,0.84,406 ppm,1.31,112 ppm,0.36,92 ppm,0.30,501 ppb,0.027,1181ppm,0.04,26.51 °C,1.74,94.68 KPa,2.67,37.36 %,1.22,12946.86 Kohms,27.19,30.20 ppb,0.099,25.55 %,0.82,26.05 °C,2.17
16-07-2025 14:43:17,1.0,1.53,0.18,0.45,0.18,24.66 °C,1.69,94.66 KPa,2.67,29.44 %,0.96,82.90 Kohms,0.17,31603,0,2.09,1.94,2.82,0.35,259 ppm,0.84,406 ppm,1.31,112 ppm,0.36,92 ppm,0.30,504 ppb,0.027,1184ppm,0.04,26.52 °C,1.74,94.68 KPa,2.67,37.36 %,1.22,12946.86 Kohms,27.19,30.20 ppb,0.099,25.55 %,0.82,26.03 °C,2.17
16-07-2025 14:43:22,1.0,1.18,0.19,0.46,0.19,24.66 °C,1.69,94.66 KPa,2.67,29.43 %,0.96,82.98 Kohms,0.17,31614,0,1.89,1.95,2.85,0.33,259 ppm,0.84,406 ppm,1.31,112 ppm,0.36,93 ppm,0.30,513 ppb,0.028,1183ppm,0.04,26.52 °C,1.74,94.68 KPa,2.67,37.35 %,1.22,12946.86 Kohms,27.19,30.20 ppb,0.099,25.55 %,0.82,26.05 °C,2.17
16-07-2025 14:43:27,1.0,1.26,0.18,0.45,0.18,24.66 °C,1.69,94.66 KPa,2.67,29.42 %,0.96,83.14 Kohms,0.17,31612,0,1.94,1.95,2.82,0.34,259 ppm,0.84,406 ppm,1.31,112 ppm,0.36,92 ppm,0.30,509 ppb,0.027,1187ppm,0.04,26.52 °C,1.74,94.68 KPa,2.67,37.36 %,1.22,12946.86 Kohms,27.19,30.20 ppb,0.099,25.54 %,0.82,26.04 °C,2.17
16-07-2025 14:43:32,1.0,1.83,0.19,0.45,0.19,24.66 °C,1.69,94.67 KPa,2.67,29.44 %,0.96,83.56 Kohms,0.18,31598,0,2.01,1.94,2.85,0.36,260 ppm,0.84,406 ppm,1.31,112 ppm,0.36,92 ppm,0.30,501 ppb,0.027,1170ppm,0.04,26.51 °C,1.74,94.68 KPa,2.67,37.35 %,1.22,12946.86 Kohms,27.19,30.00 ppb,0.099,25.54 %,0.82,26.05 °C,2.17
16-07-2025 14:43:37,1.0,2.02,0.18,0.46,0.19,24.66 °C,1.69,94.66 KPa,2.67,29.44 %,0.96,82.90 Kohms,0.17,31611,0,1.84,1.95,2.81,0.36,259 ppm,0.84,406 ppm,1.31,112 ppm,0.36,92 ppm,0.30,511 ppb,0.028,1192ppm,0.04,26.51 °C,1.74,94.68 KPa,2.67,37.36 %,1.22,12946.86 Kohms,27.19,30.00 ppb,0.099,25.54 %,0.82,26.03 °C,2.17
16-07-2025 14:43:42,1.0,1.51,0.18,0.45,0.18,24.67 °C,1.69,94.66 KPa,2.67,29.43 %,0.96,82.90 Kohms,0.17,31622,0,2.09,1.97,2.85,0.36,260 ppm,0.84,406 ppm,1.31,112 ppm,0.36,92 ppm,0.30,517 ppb,0.028,1187ppm,0.04,26.52 °C,1.74,94.68 KPa,2.67,37.35 %,1.22,12946.86 Kohms,27.19,30.00 ppb,0.099,25.55 %,0.82,26.05 °C,2.17
16-07-2025 14:43:47,1.0,1.13,0.19,0.46,0.19,24.66 °C,1.69,94.66 KPa,2.67,29.42 %,0.96,83.73 Kohms,0.18,31598,0,1.81,1.97,2.85,0.35,259 ppm,0.84,406 ppm,1.31,112 ppm,0.36,92 ppm,0.30,510 ppb,0.028,1197ppm,0.04,26.52 °C,1.74,94.68 KPa,2.67,37.36 %,1.22,12946.86 Kohms,27.19,30.20 ppb,0.099,25.55 %,0.82,26.05 °C,2.17
16-07-2025 14:43:52,1.0,1.43,0.19,0.46,0.19,24.67 °C,1.69,94.66 KPa,2.67,29.42 %,0.96,83.14 Kohms,0.17,31595,0,2.0,1.97,2.82,0.33,259 ppm,0.84,406 ppm,1.31,112 ppm,0.36,92 ppm,0.30,512 ppb,0.028,1192ppm,0.04,26.52 °C,1.74,94.68 KPa,2.67,37.37 %,1.22,12946.86 Kohms,27.19,30.40 ppb,0.099,25.55 %,0.82,26.06 °C,2.17
16-07-2025 14:43:57,1.0,1.93,0.19,0.45,0.19,24.67 °C,1.69,94.66 KPa,2.67,29.41 %,0.96,83.23 Kohms,0.17,31594,0,1.95,1.95,2.82,0.33,259 ppm,0.84,406 ppm,1.31,112 ppm,0.36,92 ppm,0.30,515 ppb,0.028,1215ppm,0.05,26.52 °C,1.74,94.68 KPa,2.67,37.35 %,1.22,12946.86 Kohms,27.19,30.80 ppb,0.099,25.55 %,0.82,26.06 °C,2.17
16-07-2025 14:44:02,1.0,1.98,0.18,0.46,0.19,24.67 °C,1.69,94.66 KPa,2.67,29.42 %,0.96,82.90 Kohms,0.17,31592,0,1.85,1.95,2.85,0.33,260 ppm,0.84,407 ppm,1.31,112 ppm,0.36,92 ppm,0.30,501 ppb,0.027,1185ppm,0.04,26.51 °C,1.74,94.68 KPa,2.67,37.36 %,1.22,12946.86 Kohms,27.19,31.00 ppb,0.102,25.55 %,0.82,26.07 °C,2.17
16-07-2025 14:44:07,1.0,1.5,0.19,0.46,0.19,24.68 °C,1.69,94.66 KPa,2.67,29.42 %,0.96,83.06 Kohms,0.17,31596,0,2.09,1.95,2.81,0.34,259 ppm,0.84,406 ppm,1.31,112 ppm,0.36,93 ppm,0.30,502 ppb,0.027,1218ppm,0.05,26.51 °C,1.74,94.68 KPa,2.67,37.35 %,1.22,12946.86 Kohms,27.19,31.00 ppb,0.102,25.54 %,0.82,26.04 °C,2.17
16-07-2025 14:44:12,1.0,1.11,0.19,0.45,0.19,24.67 °C,1.69,94.66 KPa,2.67,29.42 %,0.96,83.14 Kohms,0.17,31596,0,1.83,1.96,2.84,0.36,259 ppm,0.84,406 ppm,1.31,112 ppm,0.36,93 ppm,0.30,514 ppb,0.028,1202ppm,0.04,26.52 °C,1.74,94.68 KPa,2.67,37.37 %,1.22,12946.86 Kohms,27.19,30.80 ppb,0.099,25.55 %,0.82,26.06 °C,2.17
16-07-2025 14:44:17,1.0,1.42,0.19,0.46,0.19,24.67 °C,1.69,94.66 KPa,2.67,29.41 %,0.96,82.98 Kohms,0.17,31593,0,2.01,1.95,2.84,0.36,259 ppm,0.84,406 ppm,1.31,112 ppm,0.36,93 ppm,0.30,509 ppb,0.027,1202ppm,0.04,26.52 °C,1.74,94.68 KPa,2.67,37.36 %,1.22,12946.86 Kohms,27.19,30.80 ppb,0.099,25.54 %,0.82,26.03 °C,2.17
16-07-2025 14:44:22,1.0,1.93,0.18,0.45,0.18,24.67 °C,1.69,94.66 KPa,2.67,29.42 %,0.96,83.14 Kohms,0.17,31610,0,1.99,1.95,2.81,0.36,260 ppm,0.84,406 ppm,1.31,111 ppm,0.36,93 ppm,0.30,512 ppb,0.028,1197ppm,0.04,26.51 °C,1.74,94.68 KPa,2.67,37.33 %,1.22,12946.86 Kohms,27.19,30.40 ppb,0.099,25.54 %,0.82,26.05 °C,2.17
16-07-2025 14:44:27,1.0,2.07,0.19,0.45,0.19,24.67 °C,1.69,94.66 KPa,2.67,29.42 %,0.96,83.48 Kohms,0.18,31611,0,1.84,1.94,2.81,0.36,259 ppm,0.84,407 ppm,1.31,112 ppm,0.36,92 ppm,0.30,516 ppb,0.028,1205ppm,0.04,26.52 °C,1.74,94.68 KPa,2.67,37.36 %,1.22,12946.86 Kohms,27.19,30.40 ppb,0.099,25.55 %,0.82,26.04 °C,2.17
16-07-2025 14:44:32,1.0,1.88,0.18,0.45,0.18,24.68 °C,1.69,94.66 KPa,2.67,29.42 %,0.96,83.48 Kohms,0.18,31600,0,2.1,1.95,2.81,0.36,259 ppm,0.84,406 ppm,1.31,113 ppm,0.36,93 ppm,0.30,524 ppb,0.028,1193ppm,0.04,26.52 °C,1.74,94.68 KPa,2.67,37.35 %,1.22,12946.86 Kohms,27.19,30.60 ppb,0.099,25.54 %,0.82,26.05 °C,2.17
16-07-2025 14:44:37,1.0,1.49,0.18,0.46,0.19,24.67 °C,1.69,94.66 KPa,2.67,29.42 %,0.96,83.39 Kohms,0.18,31609,0,1.87,1.96,2.84,0.36,259 ppm,0.84,406 ppm,1.31,112 ppm,0.36,93 ppm,0.30,509 ppb,0.027,1192ppm,0.04,26.52 °C,1.74,94.68 KPa,2.67,37.36 %,1.22,12946.86 Kohms,27.19,30.60 ppb,0.099,25.53 %,0.82,26.07 °C,2.17
16-07-2025 14:44:42,1.0,1.23,0.18,0.46,0.19,24.68 °C,1.69,94.67 KPa,2.67,29.42 %,0.96,83.48 Kohms,0.18,31596,0,1.94,1.95,2.83,0.33,260 ppm,0.84,406 ppm,1.31,113 ppm,0.36,93 ppm,0.30,518 ppb,0.028,1197ppm,0.04,26.52 °C,1.74,94.68 KPa,2.67,37.36 %,1.22,12946.86 Kohms,27.19,30.40 ppb,0.099,25.54 %,0.82,26.06 °C,2.17
16-07-2025 14:44:47,1.0,1.13,0.18,0.45,0.18,24.68 °C,1.69,94.66 KPa,2.67,29.42 %,0.96,83.39 Kohms,0.18,31595,0,2.04,1.95,2.83,0.33,259 ppm,0.84,406 ppm,1.31,112 ppm,0.36,92 ppm,0.30,508 ppb,0.027,1184ppm,0.04,26.52 °C,1.74,94.68 KPa,2.67,37.35 %,1.22,12946.86 Kohms,27.19,30.40 ppb,0.099,25.55 %,0.82,26.06 °C,2.17
16-07-2025 14:44:52,1.0,1.22,0.19,0.45,0.18,24.68 °C,1.69,94.66 KPa,2.67,29.41 %,0.96,83.39 Kohms,0.18,31611,0,1.8,1.95,2.81,0.32,260 ppm,0.84,406 ppm,1.31,112 ppm,0.36,92 ppm,0.30,506 ppb,0.027,1185ppm,0.04,26.52 °C,1.74,94.68 KPa,2.67,37.35 %,1.22,12946.86 Kohms,27.19,30.60 ppb,0.099,25.55 %,0.82,26.07 °C,2.17
16-07-2025 14:44:57,1.0,1.52,0.19,0.45,0.18,24.69 °C,1.69,94.66 KPa,2.67,29.41 %,0.96,83.14 Kohms,0.17,31608,0,2.08,1.94,2.84,0.35,259 ppm,0.84,406 ppm,1.31,112 ppm,0.36,92 ppm,0.30,506 ppb,0.027,1193ppm,0.04,26.52 °C,1.74,94.68 KPa,2.67,37.36 %,1.22,12946.86 Kohms,27.19,30.80 ppb,0.099,25.55 %,0.82,26.06 °C,2.17
16-07-2025 14:45:02,1.0,1.85,0.18,0.45,0.18,24.68 °C,1.69,94.66 KPa,2.67,29.42 %,0.96,83.89 Kohms,0.18,31600,0,1.85,1.95,2.84,0.36,259 ppm,0.84,406 ppm,1.31,112 ppm,0.36,93 ppm,0.30,516 ppb,0.028,1198ppm,0.04,26.52 °C,1.74,94.68 KPa,2.67,37.35 %,1.22,12946.86 Kohms,27.19,30.80 ppb,0.099,25.53 %,0.82,26.07 °C,2.17
16-07-2025 14:45:07,1.0,2.03,0.18,0.45,0.18,24.69 °C,1.69,94.67 KPa,2.67,29.41 %,0.96,83.31 Kohms,0.17,31608,0,2.01,1.95,2.84,0.36,259 ppm,0.84,406 ppm,1.31,112 ppm,0.36,93 ppm,0.30,511 ppb,0.028,1191ppm,0.04,26.52 °C,1.74,94.68 KPa,2.67,37.37 %,1.22,12946.86 Kohms,27.19,30.60 ppb,0.099,25.54 %,0.82,26.06 °C,2.17
16-07-2025 14:45:12,1.0,2.03,0.18,0.46,0.19,24.69 °C,1.69,94.67 KPa,2.67,29.43 %,0.96,83.14 Kohms,0.17,31614,0,1.96,1.97,2.81,0.33,259 ppm,0.84,406 ppm,1.31,112 ppm,0.36,93 ppm,0.30,508 ppb,0.027,1184ppm,0.04,26.52 °C,1.74,94.68 KPa,2.67,37.36 %,1.22,12946.86 Kohms,27.19,30.80 ppb,0.099,25.55 %,0.82,26.07 °C,2.17
16-07-2025 14:45:17,1.0,1.72,0.18,0.45,0.19,24.69 °C,1.69,94.67 KPa,2.67,29.43 %,0.96,83.14 Kohms,0.17,31609,0,1.84,1.95,2.81,0.34,259 ppm,0.84,406 ppm,1.31,112 ppm,0.36,93 ppm,0.30,510 ppb,0.028,1207ppm,0.04,26.52 °C,1.74,94.68 KPa,2.67,37.35 %,1.22,12946.86 Kohms,27.19,31.00 ppb,0.102,25.53 %,0.82,26.08 °C,2.17
16-07-2025 14:45:22,1.0,1.32,0.19,0.45,0.18,24.69 °C,1.69,94.66 KPa,2.67,29.43 %,0.96,83.73 Kohms,0.18,31614,0,2.11,1.97,2.81,0.35,259 ppm,0.84,406 ppm,1.31,111 ppm,0.36,92 ppm,0.30,518 ppb,0.028,1192ppm,0.04,26.52 °C,1.74,94.68 KPa,2.67,37.35 %,1.22,12946.86 Kohms,27.19,31.00 ppb,0.102,25.54 %,0.82,26.07 °C,2.17
16-07-2025 14:45:27,1.0,1.12,0.19,0.46,0.19,24.69 °C,1.69,94.67 KPa,2.67,29.43 %,0.96,83.56 Kohms,0.18,31600,0,1.81,1.94,2.81,0.34,259 ppm,0.84,406 ppm,1.31,112 ppm,0.36,93 ppm,0.30,504 ppb,0.027,1207ppm,0.04,26.53 °C,1.74,94.68 KPa,2.67,37.35 %,1.22,12946.86 Kohms,27.19,31.00 ppb,0.102,25.54 %,0.82,26.06 °C,2.17
16-07-2025 14:45:32,1.0,1.28,0.18,0.45,0.18,24.69 °C,1.69,94.66 KPa,2.67,29.43 %,0.96,83.98 Kohms,0.18,31606,0,1.98,1.95,2.83,0.34,258 ppm,0.83,406 ppm,1.31,112 ppm,0.36,93 ppm,0.30,509 ppb,0.027,1200ppm,0.04,26.53 °C,1.74,94.68 KPa,2.67,37.36 %,1.22,12946.86 Kohms,27.19,30.60 ppb,0.099,25.53 %,0.82,26.05 °C,2.17
16-07-2025 14:45:37,1.0,1.77,0.18,0.45,0.18,24.70 °C,1.69,94.66 KPa,2.67,29.44 %,0.96,83.06 Kohms,0.17,31616,0,2.03,1.96,2.8,0.33,259 ppm,0.84,406 ppm,1.31,112 ppm,0.36,93 ppm,0.30,512 ppb,0.028,1187ppm,0.04,26.52 °C,1.74,94.68 KPa,2.67,37.38 %,1.22,12946.86 Kohms,27.19,30.40 ppb,0.099,25.54 %,0.82,26.06 °C,2.17
16-07-2025 14:45:42,1.0,2.1,0.18,0.45,0.18,24.70 °C,1.69,94.66 KPa,2.67,29.41 %,0.96,83.23 Kohms,0.17,31611,0,1.79,1.96,2.83,0.33,259 ppm,0.84,406 ppm,1.31,112 ppm,0.36,92 ppm,0.30,518 ppb,0.028,1198ppm,0.04,26.53 °C,1.74,94.68 KPa,2.67,37.35 %,1.22,12946.86 Kohms,27.19,30.80 ppb,0.099,25.55 %,0.82,26.05 °C,2.17
16-07-2025 14:45:47,1.0,1.71,0.18,0.45,0.18,24.70 °C,1.69,94.66 KPa,2.67,29.42 %,0.96,83.64 Kohms,0.18,31603,0,2.11,1.94,2.81,0.35,259 ppm,0.84,406 ppm,1.31,112 ppm,0.36,93 ppm,0.30,514 ppb,0.028,1202ppm,0.04,26.53 °C,1.74,94.68 KPa,2.67,37.36 %,1.22,12946.86 Kohms,27.19,30.80 ppb,0.099,25.53 %,0.82,26.06 °C,2.17
16-07-2025 14:45:52,1.0,1.17,0.19,0.45,0.19,24.69 °C,1.69,94.66 KPa,2.67,29.43 %,0.96,83.73 Kohms,0.18,31622,0,1.85,1.95,2.83,0.33,260 ppm,0.84,406 ppm,1.31,112 ppm,0.36,93 ppm,0.30,516 ppb,0.028,1202ppm,0.04,26.52 °C,1.74,94.68 KPa,2.67,37.36 %,1.22,12946.86 Kohms,27.19,30.60 ppb,0.099,25.53 %,0.82,26.05 °C,2.17
16-07-2025 14:45:57,1.0,1.18,0.18,0.45,0.19,24.69 °C,1.69,94.66 KPa,2.67,29.43 %,0.96,83.73 Kohms,0.18,31604,0,1.98,1.95,2.83,0.33,259 ppm,0.84,406 ppm,1.31,112 ppm,0.36,92 ppm,0.30,518 ppb,0.028,1197ppm,0.04,26.53 °C,1.74,94.68 KPa,2.67,37.35 %,1.22,12946.86 Kohms,27.19,30.60 ppb,0.099,25.53 %,0.82,26.04 °C,2.17
16-07-2025 14:46:02,1.0,1.7,0.18,0.45,0.18,24.70 °C,1.69,94.66 KPa,2.67,29.43 %,0.96,83.31 Kohms,0.17,31632,0,2.0,1.97,2.83,0.34,259 ppm,0.84,406 ppm,1.31,112 ppm,0.36,93 ppm,0.30,521 ppb,0.028,1205ppm,0.04,26.53 °C,1.74,94.68 KPa,2.67,37.34 %,1.22,12946.86 Kohms,27.19,30.20 ppb,0.099,25.53 %,0.82,26.05 °C,2.17
16-07-2025 14:46:07,1.0,2.04,0.18,0.45,0.18,24.70 °C,1.69,94.66 KPa,2.67,29.42 %,0.96,83.73 Kohms,0.18,31611,0,1.84,1.96,2.8,0.33,259 ppm,0.84,406 ppm,1.31,112 ppm,0.36,93 ppm,0.30,513 ppb,0.028,1187ppm,0.04,26.53 °C,1.74,94.68 KPa,2.67,37.35 %,1.22,12946.86 Kohms,27.19,30.20 ppb,0.099,25.53 %,0.82,26.06 °C,2.17
16-07-2025 14:46:12,1.0,1.98,0.18,0.46,0.19,24.70 °C,1.69,94.66 KPa,2.67,29.42 %,0.96,84.06 Kohms,0.18,31600,0,2.08,1.95,2.83,0.32,259 ppm,0.84,407 ppm,1.31,112 ppm,0.36,93 ppm,0.30,516 ppb,0.028,1195ppm,0.04,26.53 °C,1.74,94.68 KPa,2.67,37.35 %,1.22,12946.86 Kohms,27.19,30.20 ppb,0.099,25.53 %,0.82,26.06 °C,2.17
16-07-2025 14:46:17,1.0,1.37,0.19,0.46,0.19,24.70 °C,1.69,94.66 KPa,2.67,29.41 %,0.96,83.31 Kohms,0.17,31611,0,1.79,1.96,2.8,0.33,260 ppm,0.84,406 ppm,1.31,112 ppm,0.36,93 ppm,0.30,513 ppb,0.028,1193ppm,0.04,26.53 °C,1.74,94.68 KPa,2.67,37.35 %,1.22,12946.86 Kohms,27.19,30.40 ppb,0.099,25.53 %,0.82,26.05 °C,2.17
16-07-2025 14:46:22,1.0,1.1,0.18,0.45,0.18,24.70 °C,1.69,94.66 KPa,2.67,29.43 %,0.96,83.48 Kohms,0.18,31606,0,2.1,1.94,2.83,0.33,259 ppm,0.84,406 ppm,1.31,111 ppm,0.36,93 ppm,0.30,516 ppb,0.028,1215ppm,0.05,26.53 °C,1.74,94.68 KPa,2.67,37.37 %,1.22,12946.86 Kohms,27.19,30.20 ppb,0.099,25.53 %,0.82,26.07 °C,2.17
16-07-2025 14:46:27,1.0,1.48,0.19,0.46,0.19,24.70 °C,1.69,94.66 KPa,2.67,29.43 %,0.96,83.31 Kohms,0.17,31603,0,1.8,1.95,2.8,0.34,259 ppm,0.84,406 ppm,1.31,112 ppm,0.36,93 ppm,0.30,513 ppb,0.028,1203ppm,0.04,26.53 °C,1.74,94.68 KPa,2.67,37.34 %,1.22,12946.86 Kohms,27.19,30.60 ppb,0.099,25.53 %,0.82,26.07 °C,2.17
16-07-2025 14:46:32,1.0,1.99,0.18,0.46,0.18,24.71 °C,1.69,94.66 KPa,2.67,29.43 %,0.96,84.06 Kohms,0.18,31607,0,2.05,1.96,2.83,0.36,260 ppm,0.84,406 ppm,1.31,112 ppm,0.36,93 ppm,0.30,507 ppb,0.027,1200ppm,0.04,26.53 °C,1.74,94.68 KPa,2.67,37.35 %,1.22,12946.86 Kohms,27.19,31.00 ppb,0.102,25.52 %,0.82,26.08 °C,2.17
16-07-2025 14:46:37,1.0,2.06,0.18,0.45,0.18,24.71 °C,1.69,94.66 KPa,2.67,29.41 %,0.96,83.39 Kohms,0.18,31608,0,1.91,1.94,2.83,0.36,259 ppm,0.84,406 ppm,1.31,112 ppm,0.36,94 ppm,0.30,519 ppb,0.028,1216ppm,0.05,26.53 °C,1.74,94.68 KPa,2.67,37.37 %,1.22,12946.86 Kohms,27.19,30.60 ppb,0.099,25.52 %,0.82,26.06 °C,2.17
16-07-2025 14:46:42,1.0,1.73,0.19,0.46,0.19,24.71 °C,1.69,94.66 KPa,2.67,29.43 %,0.96,83.56 Kohms,0.18,31611,0,1.95,1.96,2.83,0.34,259 ppm,0.84,406 ppm,1.31,112 ppm,0.36,94 ppm,0.30,503 ppb,0.027,1213ppm,0.05,26.53 °C,1.74,94.68 KPa,2.67,37.35 %,1.22,12946.86 Kohms,27.19,30.60 ppb,0.099,25.52 %,0.82,26.06 °C,2.17
16-07-2025 14:46:47,1.0,1.43,0.19,0.46,0.19,24.71 °C,1.69,94.67 KPa,2.67,29.42 %,0.96,83.31 Kohms,0.17,31618,0,1.97,1.94,2.79,0.33,259 ppm,0.84,405 ppm,1.31,112 ppm,0.36,94 ppm,0.30,511 ppb,0.028,1199ppm,0.04,26.54 °C,1.74,94.68 KPa,2.67,37.35 %,1.22,12946.86 Kohms,27.19,30.60 ppb,0.099,25.52 %,0.82,26.07 °C,2.17
16-07-2025 14:46:52,1.0,1.21,0.18,0.45,0.18,24.71 °C,1.69,94.66 KPa,2.67,29.43 %,0.96,83.48 Kohms,0.18,31609,0,1.89,1.96,2.8,0.36,259 ppm,0.84,406 ppm,1.31,112 ppm,0.36,93 ppm,0.30,508 ppb,0.027,1208ppm,0.04,26.52 °C,1.74,94.68 KPa,2.67,37.35 %,1.22,12946.86 Kohms,27.19,31.20 ppb,0.102,25.54 %,0.82,26.07 °C,2.17
16-07-2025 14:46:57,1.0,1.13,0.18,0.45,0.18,24.71 °C,1.69,94.66 KPa,2.67,29.43 %,0.96,83.14 Kohms,0.17,31609,0,2.06,1.97,2.82,0.36,259 ppm,0.84,406 ppm,1.31,112 ppm,0.36,93 ppm,0.30,513 ppb,0.028,1209ppm,0.04,26.53 °C,1.74,94.68 KPa,2.67,37.33 %,1.22,12946.86 Kohms,27.19,31.00 ppb,0.102,25.52 %,0.82,26.06 °C,2.17
16-07-2025 14:47:02,1.0,1.25,0.19,0.45,0.19,24.71 °C,1.69,94.66 KPa,2.67,29.43 %,0.96,83.14 Kohms,0.17,31610,0,1.8,1.95,2.8,0.33,259 ppm,0.84,406 ppm,1.31,112 ppm,0.36,93 ppm,0.30,511 ppb,0.028,1211ppm,0.04,26.54 °C,1.74,94.68 KPa,2.67,37.34 %,1.22,12946.86 Kohms,27.19,31.00 ppb,0.102,25.52 %,0.82,26.08 °C,2.17
16-07-2025 14:47:07,1.0,1.46,0.18,0.45,0.18,24.72 °C,1.69,94.67 KPa,2.67,29.43 %,0.96,83.64 Kohms,0.18,31604,0,2.08,1.95,2.8,0.36,259 ppm,0.84,406 ppm,1.31,111 ppm,0.36,93 ppm,0.30,513 ppb,0.028,1195ppm,0.04,26.53 °C,1.74,94.68 KPa,2.67,37.35 %,1.22,12946.86 Kohms,27.19,31.00 ppb,0.102,25.54 %,0.82,26.08 °C,2.17
16-07-2025 14:47:12,1.0,1.74,0.18,0.45,0.18,24.71 °C,1.69,94.66 KPa,2.67,29.42 %,0.96,83.56 Kohms,0.18,31602,0,1.81,1.95,2.8,0.36,259 ppm,0.84,406 ppm,1.31,112 ppm,0.36,94 ppm,0.30,513 ppb,0.028,1204ppm,0.04,26.53 °C,1.74,94.68 KPa,2.67,37.34 %,1.22,12946.86 Kohms,27.19,31.00 ppb,0.102,25.52 %,0.82,26.06 °C,2.17
16-07-2025 14:47:17,1.0,1.97,0.19,0.46,0.19,24.72 °C,1.69,94.66 KPa,2.67,29.42 %,0.96,83.81 Kohms,0.18,31598,0,1.99,1.95,2.82,0.36,259 ppm,0.84,406 ppm,1.31,112 ppm,0.36,93 ppm,0.30,506 ppb,0.027,1183ppm,0.04,26.54 °C,1.74,94.68 KPa,2.67,37.35 %,1.22,12946.86 Kohms,27.19,31.00 ppb,0.102,25.53 %,0.82,26.08 °C,2.17
16-07-2025 14:47:22,1.0,2.08,0.19,0.45,0.18,24.72 °C,1.69,94.67 KPa,2.67,29.42 %,0.96,83.31 Kohms,0.17,31616,0,2.01,1.97,2.82,0.35,259 ppm,0.84,405 ppm,1.31,112 ppm,0.36,94 ppm,0.30,499 ppb,0.027,1208ppm,0.04,26.53 °C,1.74,94.68 KPa,2.67,37.35 %,1.22,12946.86 Kohms,27.19,30.80 ppb,0.099,25.52 %,0.82,26.07 °C,2.17
16-07-2025 14:47:27,1.0,1.73,0.18,0.45,0.18,24.72 °C,1.69,94.67 KPa,2.67,29.41 %,0.96,83.31 Kohms,0.17,31603,0,1.81,1.97,2.82,0.34,259 ppm,0.84,406 ppm,1.31,112 ppm,0.36,94 ppm,0.30,513 ppb,0.028,1212ppm,0.04,26.54 °C,1.74,94.68 KPa,2.67,37.34 %,1.22,12946.86 Kohms,27.19,30.80 ppb,0.099,25.53 %,0.82,26.07 °C,2.17
16-07-2025 14:47:32,1.0,1.17,0.18,0.46,0.18,24.72 °C,1.69,94.67 KPa,2.67,29.43 %,0.96,83.89 Kohms,0.18,31604,0,2.1,1.97,2.83,0.33,260 ppm,0.84,406 ppm,1.31,112 ppm,0.36,94 ppm,0.30,515 ppb,0.028,1216ppm,0.05,26.54 °C,1.74,94.68 KPa,2.67,37.34 %,1.22,12946.86 Kohms,27.19,30.80 ppb,0.099,25.52 %,0.82,26.07 °C,2.17
16-07-2025 14:47:37,1.0,1.26,0.18,0.45,0.18,24.72 °C,1.69,94.66 KPa,2.67,29.41 %,0.96,83.48 Kohms,0.18,31609,0,1.83,1.95,2.82,0.36,259 ppm,0.84,406 ppm,1.31,112 ppm,0.36,94 ppm,0.30,510 ppb,0.028,1192ppm,0.04,26.54 °C,1.74,94.68 KPa,2.67,37.35 %,1.22,12946.86 Kohms,27.19,31.20 ppb,0.102,25.53 %,0.82,26.08 °C,2.17
16-07-2025 14:47:42,1.0,1.93,0.18,0.46,0.19,24.72 °C,1.69,94.66 KPa,2.67,29.42 %,0.96,83.56 Kohms,0.18,31603,0,1.98,1.94,2.82,0.35,260 ppm,0.84,406 ppm,1.31,112 ppm,0.36,93 ppm,0.30,509 ppb,0.027,1214ppm,0.05,26.53 °C,1.74,94.68 KPa,2.67,37.34 %,1.22,12946.86 Kohms,27.19,31.60 ppb,0.102,25.53 %,0.82,26.06 °C,2.17
16-07-2025 14:47:47,1.0,2.06,0.18,0.46,0.19,24.72 °C,1.69,94.67 KPa,2.67,29.41 %,0.96,83.48 Kohms,0.18,31603,0,2.02,1.95,2.79,0.33,259 ppm,0.84,406 ppm,1.31,112 ppm,0.36,94 ppm,0.30,516 ppb,0.028,1207ppm,0.04,26.54 °C,1.74,94.68 KPa,2.67,37.34 %,1.22,12946.86 Kohms,27.19,31.40 ppb,0.102,25.52 %,0.82,26.07 °C,2.17
16-07-2025 14:47:52,1.0,1.5,0.18,0.45,0.18,24.72 °C,1.69,94.67 KPa,2.67,29.43 %,0.96,83.56 Kohms,0.18,31612,0,1.8,1.94,2.8,0.36,259 ppm,0.84,406 ppm,1.31,112 ppm,0.36,94 ppm,0.30,506 ppb,0.027,1208ppm,0.04,26.54 °C,1.74,94.68 KPa,2.67,37.34 %,1.22,12946.86 Kohms,27.19,31.20 ppb,0.102,25.52 %,0.82,26.07 °C,2.17
16-07-2025 14:47:57,1.0,1.1,0.19,0.46,0.19,24.73 °C,1.69,94.67 KPa,2.67,29.40 %,0.96,83.73 Kohms,0.18,31606,0,2.11,1.97,2.8,0.36,259 ppm,0.84,406 ppm,1.31,112 ppm,0.36,94 ppm,0.30,502 ppb,0.027,1196ppm,0.04,26.54 °C,1.74,94.68 KPa,2.67,37.36 %,1.22,12946.86 Kohms,27.19,31.00 ppb,0.102,25.52 %,0.82,26.07 °C,2.17
16-07-2025 14:48:02,1.0,1.39,0.18,0.45,0.18,24.72 °C,1.69,94.67 KPa,2.67,29.40 %,0.96,83.89 Kohms,0.18,31600,0,1.79,1.94,2.79,0.33,259 ppm,0.84,406 ppm,1.31,112 ppm,0.36,93 ppm,0.30,508 ppb,0.027,1212ppm,0.04,26.54 °C,1.74,94.68 KPa,2.67,37.33 %,1.22,12946.86 Kohms,27.19,31.20 ppb,0.102,25.52 %,0.82,26.08 °C,2.17
16-07-2025 14:48:07,1.0,2.1,0.19,0.45,0.18,24.76 °C,1.69,94.66 KPa,2.67,29.38 %,0.96,83.81 Kohms,0.18,31587,0,2.0,1.94,2.82,0.33,259 ppm,0.84,406 ppm,1.31,112 ppm,0.36,94 ppm,0.30,498 ppb,0.027,1198ppm,0.04,26.54 °C,1.74,94.68 KPa,2.67,37.34 %,1.22,12946.86 Kohms,27.19,30.80 ppb,0.099,25.51 %,0.82,26.07 °C,2.17
16-07-2025 14:48:12,1.0,1.75,0.19,0.46,0.19,24.77 °C,1.69,94.66 KPa,2.67,29.38 %,0.96,83.48 Kohms,0.18,31595,0,2.02,1.96,2.79,0.34,259 ppm,0.84,406 ppm,1.31,112 ppm,0.36,94 ppm,0.30,512 ppb,0.028,1213ppm,0.05,26.54 °C,1.74,94.68 KPa,2.67,37.35 %,1.22,12946.86 Kohms,27.19,31.00 ppb,0.102,25.52 %,0.82,26.08 °C,2.17
16-07-2025 14:48:17,1.0,1.21,0.19,0.46,0.19,24.76 °C,1.69,94.66 KPa,2.67,29.40 %,0.96,83.98 Kohms,0.18,31608,0,1.79,1.94,2.79,0.33,259 ppm,0.84,406 ppm,1.31,112 ppm,0.36,93 ppm,0.30,516 ppb,0.028,1207ppm,0.04,26.54 °C,1.74,94.68 KPa,2.67,37.36 %,1.22,12946.86 Kohms,27.19,31.20 ppb,0.102,25.52 %,0.82,26.09 °C,2.17
16-07-2025 14:48:22,1.0,1.16,0.18,0.45,0.18,24.77 °C,1.69,94.66 KPa,2.67,29.39 %,0.96,83.98 Kohms,0.18,31591,0,2.11,1.94,2.8,0.32,259 ppm,0.84,405 ppm,1.31,112 ppm,0.36,94 ppm,0.30,513 ppb,0.028,1193ppm,0.04,26.54 °C,1.74,94.68 KPa,2.67,37.34 %,1.22,12946.86 Kohms,27.19,31.60 ppb,0.102,25.53 %,0.82,26.09 °C,2.17
16-07-2025 14:48:27,1.0,1.6,0.19,0.46,0.18,24.76 °C,1.69,94.67 KPa,2.67,29.39 %,0.96,83.64 Kohms,0.18,31601,0,1.87,1.96,2.79,0.36,259 ppm,0.84,406 ppm,1.31,112 ppm,0.36,94 ppm,0.30,505 ppb,0.027,1198ppm,0.04,26.53 °C,1.74,94.68 KPa,2.67,37.33 %,1.22,12946.86 Kohms,27.19,31.40 ppb,0.102,25.52 %,0.82,26.08 °C,2.17
16-07-2025 14:48:32,1.0,1.96,0.18,0.46,0.19,24.77 °C,1.69,94.67 KPa,2.67,29.37 %,0.96,83.64 Kohms,0.18,31602,0,1.91,1.95,2.82,0.33,260 ppm,0.84,406 ppm,1.31,112 ppm,0.36,94 ppm,0.30,518 ppb,0.028,1204ppm,0.04,26.54 °C,1.74,94.68 KPa,2.67,37.33 %,1.22,12946.86 Kohms,27.19,31.40 ppb,0.102,25.52 %,0.82,26.07 °C,2.17
16-07-2025 14:48:37,1.0,2.05,0.19,0.46,0.19,24.77 °C,1.69,94.67 KPa,2.67,29.40 %,0.96,83.81 Kohms,0.18,31600,0,2.06,1.96,2.82,0.36,259 ppm,0.84,406 ppm,1.31,112 ppm,0.36,94 ppm,0.30,504 ppb,0.027,1210ppm,0.04,26.54 °C,1.74,94.68 KPa,2.67,37.34 %,1.22,12946.86 Kohms,27.19,31.00 ppb,0.102,25.50 %,0.82,26.08 °C,2.17
16-07-2025 14:48:42,1.0,2.04,0.18,0.45,0.18,24.77 °C,1.69,94.67 KPa,2.67,29.39 %,0.96,83.31 Kohms,0.17,31592,0,1.78,1.97,2.82,0.33,259 ppm,0.84,405 ppm,1.31,112 ppm,0.36,94 ppm,0.30,512 ppb,0.028,1223ppm,0.05,26.54 °C,1.74,94.68 KPa,2.67,37.36 %,1.22,12946.86 Kohms,27.19,31.00 ppb,0.102,25.51 %,0.82,26.08 °C,2.17
16-07-2025 14:48:47,1.0,1.86,0.18,0.45,0.18,24.78 °C,1.69,94.67 KPa,2.67,29.39 %,0.96,83.98 Kohms,0.18,31600,0,2.11,1.97,2.79,0.36,259 ppm,0.84,406 ppm,1.31,112 ppm,0.36,94 ppm,0.30,519 ppb,0.028,1213ppm,0.05,26.54 °C,1.74,94.68 KPa,2.67,37.34 %,1.22,12946.86 Kohms,27.19,31.00 ppb,0.102,25.52 %,0.82,26.07 °C,2.17
16-07-2025 14:48:52,1.0,1.49,0.19,0.46,0.19,24.77 °C,1.69,94.66 KPa,2.67,29.38 %,0.96,83.81 Kohms,0.18,31598,0,1.8,1.96,2.79,0.36,259 ppm,0.84,406 ppm,1.31,112 ppm,0.36,95 ppm,0.31,511 ppb,0.028,1220ppm,0.05,26.54 °C,1.74,94.68 KPa,2.67,37.36 %,1.22,12946.86 Kohms,27.19,30.80 ppb,0.099,25.51 %,0.82,26.07 °C,2.17
16-07-2025 14:48:57,1.0,1.23,0.19,0.46,0.19,24.78 °C,1.69,94.66 KPa,2.67,29.38 %,0.96,83.14 Kohms,0.17,31603,0,2.08,1.97,2.79,0.36,259 ppm,0.84,406 ppm,1.31,112 ppm,0.36,94 ppm,0.30,517 ppb,0.028,1221ppm,0.05,26.54 °C,1.74,94.68 KPa,2.67,37.34 %,1.22,12946.86 Kohms,27.19,31.00 ppb,0.102,25.51 %,0.82,26.08 °C,2.17
16-07-2025 14:49:02,1.0,1.12,0.19,0.45,0.18,24.78 °C,1.69,94.66 KPa,2.67,29.39 %,0.96,83.56 Kohms,0.18,31591,0,1.88,1.97,2.81,0.36,259 ppm,0.84,405 ppm,1.31,112 ppm,0.36,94 ppm,0.30,513 ppb,0.028,1234ppm,0.05,26.54 °C,1.74,94.68 KPa,2.67,37.35 %,1.22,12946.86 Kohms,27.19,31.00 ppb,0.102,25.51 %,0.82,26.07 °C,2.17
16-07-2025 14:49:07,1.0,1.37,0.18,0.45,0.18,24.78 °C,1.69,94.66 KPa,2.67,29.39 %,0.96,83.81 Kohms,0.18,31599,0,2.0,1.95,2.79,0.33,259 ppm,0.84,406 ppm,1.31,112 ppm,0.36,94 ppm,0.30,504 ppb,0.027,1208ppm,0.04,26.54 °C,1.74,94.68 KPa,2.67,37.34 %,1.22,12946.86 Kohms,27.19,31.00 ppb,0.102,25.50 %,0.82,26.07 °C,2.17
16-07-2025 14:49:12,1.0,1.87,0.18,0.45,0.18,24.78 °C,1.69,94.66 KPa,2.67,29.38 %,0.96,83.64 Kohms,0.18,31584,0,1.94,1.94,2.79,0.36,259 ppm,0.84,406 ppm,1.31,112 ppm,0.36,94 ppm,0.30,509 ppb,0.027,1221ppm,0.05,26.55 °C,1.74,94.68 KPa,2.67,37.32 %,1.22,12946.86 Kohms,27.19,31.00 ppb,0.102,25.49 %,0.82,26.08 °C,2.17
16-07-2025 14:49:17,1.0,2.08,0.18,0.45,0.18,24.78 °C,1.69,94.66 KPa,2.67,29.38 %,0.96,83.31 Kohms,0.17,31610,0,1.91,1.96,2.82,0.34,259 ppm,0.84,405 ppm,1.31,112 ppm,0.36,94 ppm,0.30,519 ppb,0.028,1211ppm,0.04,26.55 °C,1.74,94.68 KPa,2.67,37.33 %,1.22,12946.86 Kohms,27.19,30.80 ppb,0.099,25.51 %,0.82,26.09 °C,2.17
16-07-2025 14:49:22,1.0,1.49,0.18,0.45,0.18,24.78 °C,1.69,94.66 KPa,2.67,29.39 %,0.96,83.48 Kohms,0.18,31600,0,2.02,1.95,2.79,0.34,260 ppm,0.84,406 ppm,1.31,111 ppm,0.36,94 ppm,0.30,518 ppb,0.028,1223ppm,0.05,26.55 °C,1.74,94.68 KPa,2.67,37.33 %,1.22,12946.86 Kohms,27.19,31.20 ppb,0.102,25.51 %,0.82,26.08 °C,2.17
16-07-2025 14:49:27,1.0,1.09,0.19,0.46,0.19,24.78 °C,1.69,94.67 KPa,2.67,29.38 %,0.96,83.64 Kohms,0.18,31606,0,1.82,1.96,2.79,0.33,259 ppm,0.84,406 ppm,1.31,112 ppm,0.36,94 ppm,0.30,514 ppb,0.028,1213ppm,0.05,26.55 °C,1.74,94.68 KPa,2.67,37.33 %,1.22,12946.86 Kohms,27.19,31.40 ppb,0.102,25.52 %,0.82,26.08 °C,2.17
16-07-2025 14:49:32,1.0,1.55,0.18,0.45,0.18,24.78 °C,1.69,94.66 KPa,2.67,29.38 %,0.96,83.23 Kohms,0.17,31601,0,2.09,1.94,2.82,0.33,259 ppm,0.84,406 ppm,1.31,112 ppm,0.36,94 ppm,0.30,514 ppb,0.028,1208ppm,0.04,26.55 °C,1.74,94.68 KPa,2.67,37.34 %,1.22,12946.86 Kohms,27.19,31.60 ppb,0.102,25.51 %,0.82,26.08 °C,2.17
16-07-2025 14:49:37,1.0,2.06,0.18,0.45,0.18,24.78 °C,1.69,94.67 KPa,2.67,29.39 %,0.96,83.31 Kohms,0.17,31579,0,1.77,1.95,2.81,0.33,259 ppm,0.84,406 ppm,1.31,113 ppm,0.36,95 ppm,0.31,516 ppb,0.028,1209ppm,0.04,26.54 °C,1.74,94.68 KPa,2.67,37.33 %,1.22,12946.86 Kohms,27.19,31.40 ppb,0.102,25.50 %,0.82,26.08 °C,2.17
16-07-2025 14:49:42,1.0,1.95,0.19,0.45,0.18,24.78 °C,1.69,94.67 KPa,2.67,29.39 %,0.96,83.39 Kohms,0.18,31598,0,2.1,1.94,2.78,0.36,259 ppm,0.84,406 ppm,1.31,112 ppm,0.36,95 ppm,0.31,514 ppb,0.028,1218ppm,0.05,26.54 °C,1.74,94.68 KPa,2.67,37.34 %,1.22,12946.86 Kohms,27.19,31.40 ppb,0.102,25.51 %,0.82,26.08 °C,2.17
16-07-2025 14:49:47,1.0,1.33,0.18,0.45,0.18,24.78 °C,1.69,94.67 KPa,2.67,29.39 %,0.96,83.64 Kohms,0.18,31598,0,1.83,1.94,2.81,0.34,259 ppm,0.84,405 ppm,1.31,112 ppm,0.36,94 ppm,0.30,509 ppb,0.027,1198ppm,0.04,26.55 °C,1.74,94.68 KPa,2.67,37.32 %,1.22,12946.86 Kohms,27.19,31.40 ppb,0.102,25.51 %,0.82,26.08 °C,2.17
16-07-2025 14:49:52,1.0,1.13,0.18,0.46,0.18,24.79 °C,1.69,94.67 KPa,2.67,29.38 %,0.96,83.64 Kohms,0.18,31603,0,1.96,1.97,2.78,0.36,259 ppm,0.84,406 ppm,1.31,112 ppm,0.36,95 ppm,0.31,509 ppb,0.027,1214ppm,0.05,26.55 °C,1.74,94.68 KPa,2.67,37.34 %,1.22,12946.86 Kohms,27.19,31.60 ppb,0.102,25.51 %,0.82,26.09 °C,2.17
16-07-2025 14:49:57,1.0,1.72,0.19,0.45,0.18,24.79 °C,1.69,94.67 KPa,2.67,29.39 %,0.96,83.81 Kohms,0.18,31594,0,2.04,1.94,2.8,0.33,259 ppm,0.84,406 ppm,1.31,112 ppm,0.36,95 ppm,0.31,508 ppb,0.027,1199ppm,0.04,26.55 °C,1.74,94.68 KPa,2.67,37.34 %,1.22,12946.86 Kohms,27.19,31.60 ppb,0.102,25.51 %,0.82,26.08 °C,2.17
16-07-2025 14:50:02,1.0,2.11,0.19,0.46,0.19,24.79 °C,1.69,94.67 KPa,2.67,29.39 %,0.96,83.73 Kohms,0.18,31592,0,1.81,1.97,2.82,0.34,259 ppm,0.84,406 ppm,1.31,112 ppm,0.36,95 ppm,0.31,513 ppb,0.028,1219ppm,0.05,26.55 °C,1.74,94.68 KPa,2.67,37.33 %,1.22,12946.86 Kohms,27.19,31.80 ppb,0.102,25.50 %,0.82,26.08 °C,2.17
16-07-2025 14:50:07,1.0,1.62,0.19,0.46,0.19,24.80 °C,1.69,94.67 KPa,2.67,29.39 %,0.96,84.06 Kohms,0.18,31606,0,2.12,1.94,2.78,0.36,259 ppm,0.84,406 ppm,1.31,112 ppm,0.36,95 ppm,0.31,514 ppb,0.028,1202ppm,0.04,26.54 °C,1.74,94.68 KPa,2.67,37.32 %,1.22,12946.86 Kohms,27.19,31.60 ppb,0.102,25.50 %,0.82,26.07 °C,2.17
16-07-2025 14:50:12,1.0,1.13,0.18,0.46,0.18,24.80 °C,1.69,94.67 KPa,2.67,29.37 %,0.96,83.31 Kohms,0.17,31595,0,1.81,1.95,2.8,0.33,259 ppm,0.84,405 ppm,1.31,112 ppm,0.36,94 ppm,0.30,516 ppb,0.028,1213ppm,0.05,26.55 °C,1.74,94.68 KPa,2.67,37.35 %,1.22,12946.86 Kohms,27.19,31.40 ppb,0.102,25.50 %,0.82,26.08 °C,2.17
16-07-2025 14:50:17,1.0,1.38,0.18,0.46,0.19,24.80 °C,1.69,94.67 KPa,2.67,29.37 %,0.96,83.81 Kohms,0.18,31599,0,1.98,1.95,2.81,0.34,260 ppm,0.84,406 ppm,1.31,112 ppm,0.36,94 ppm,0.30,510 ppb,0.028,1192ppm,0.04,26.55 °C,1.74,94.68 KPa,2.67,37.33 %,1.22,12946.86 Kohms,27.19,31.20 ppb,0.102,25.50 %,0.82,26.08 °C,2.17
16-07-2025 14:50:22,1.0,1.97,0.19,0.46,0.19,24.80 °C,1.69,94.67 KPa,2.67,29.40 %,0.96,83.81 Kohms,0.18,31578,0,2.05,1.96,2.81,0.33,259 ppm,0.84,406 ppm,1.31,112 ppm,0.36,95 ppm,0.31,504 ppb,0.027,1196ppm,0.04,26.55 °C,1.74,94.68 KPa,2.67,37.33 %,1.22,12946.86 Kohms,27.19,31.00 ppb,0.102,25.49 %,0.82,26.08 °C,2.17
16-07-2025 14:50:27,1.0,1.8,0.18,0.46,0.19,24.84 °C,1.69,94.67 KPa,2.67,29.34 %,0.96,83.73 Kohms,0.18,31583,0,1.78,1.95,2.81,0.33,260 ppm,0.84,406 ppm,1.31,112 ppm,0.36,95 ppm,0.31,511 ppb,0.028,1209ppm,0.04,26.55 °C,1.74,94.68 KPa,2.67,37.33 %,1.22,12946.86 Kohms,27.19,31.00 ppb,0.102,25.51 %,0.82,26.09 °C,2.17
16-07-2025 14:50:32,1.0,1.99,0.19,0.46,0.19,24.84 °C,1.69,94.67 KPa,2.67,29.34 %,0.96,83.56 Kohms,0.18,31582,0,2.09,1.97,2.82,0.36,259 ppm,0.84,405 ppm,1.31,112 ppm,0.36,94 ppm,0.30,514 ppb,0.028,1218ppm,0.05,26.55 °C,1.74,94.68 KPa,2.67,37.34 %,1.22,12946.86 Kohms,27.19,31.20 ppb,0.102,25.50 %,0.82,26.09 °C,2.17
16-07-2025 14:50:37,1.0,2.07,0.19,0.46,0.19,24.84 °C,1.69,94.66 KPa,2.67,29.33 %,0.96,83.64 Kohms,0.18,31582,0,1.81,1.95,2.81,0.36,259 ppm,0.84,406 ppm,1.31,112 ppm,0.36,94 ppm,0.30,509 ppb,0.027,1204ppm,0.04,26.56 °C,1.74,94.68 KPa,2.67,37.34 %,1.22,12946.86 Kohms,27.19,31.20 ppb,0.102,25.51 %,0.82,26.08 °C,2.17
16-07-2025 14:50:42,1.0,2.0,0.19,0.45,0.18,24.84 °C,1.69,94.67 KPa,2.67,29.34 %,0.96,83.73 Kohms,0.18,31593,0,2.1,1.95,2.81,0.33,259 ppm,0.84,406 ppm,1.31,112 ppm,0.36,95 ppm,0.31,501 ppb,0.027,1211ppm,0.04,26.56 °C,1.74,94.68 KPa,2.67,37.33 %,1.22,12946.86 Kohms,27.19,31.20 ppb,0.102,25.50 %,0.82,26.09 °C,2.17
