Timestamp,Flowrate (L/min),B1 - General - TGS2600 - V,B1 - General - TGS2602 - V,B1 - General - TGS2603 - V,B1 - General - MQ2 - V,B1 - Multichannel Gas Sensor - GM102B (NO2) - ppm,B1 - Multichannel Gas Sensor - GM102B (NO2) - V,B1 - Multichannel Gas Sensor - GM302B (C2H5CH) - ppm,B1 - Multichannel Gas Sensor - GM302B (C2H5CH) - V,B1 - Multichannel Gas Sensor - GM502B (VOC) - ppm,B1 - Multichannel Gas Sensor - GM502B (VOC) - V,B1 - Multichannel Gas Sensor - GM702B (CO) - ppm,B1 - Multichannel Gas Sensor - GM702B (CO) - V,B1 - SGP30 - tVOC - ppb,B1 - SGP30 - tVOC - V,B1 - SGP30 - CO2eq - ppm,B1 - SGP30 - CO2eq - V,B1 - BME688 - temperature - °C,B1 - BME688 - temperature - V,B1 - BME688 - pressure - KPa,B1 - BME688 - pressure - V,B1 - BME688 - humidity - %,B1 - BME688 - humidity - V,B1 - BME688 - gas - Kohms,B1 - BME688 - gas - V,B1 - Formaldehyde - hcho - ppb,B1 - Formaldehyde - hcho - V,B1 - Formaldehyde - humidity - %,B1 - Formaldehyde - humidity - V,B1 - Formaldehyde - temperature - °C,B1 - Formaldehyde - temperature - V,B2 - General - TGS2610 - V,B2 - General - TGS2611 - V,B2 - General - TGS2612 - V,B2 - General - MQ9_b - V,B2 - BME680 - temperature - °C,B2 - BME680 - temperature - V,B2 - BME680 - pressure - KPa,B2 - BME680 - pressure - V,B2 - BME680 - humidity - %,B2 - BME680 - humidity - V,B2 - BME680 - gas - Kohms,B2 - BME680 - gas - V,B2 - SGP41 - SRAW_VOC - raw,B2 - SGP41 - SRAW_NOx - raw
17-07-2025 11:27:26,1.0,2.1,2.01,3.0,0.36,239 ppm,0.77,440 ppm,1.42,129 ppm,0.42,95 ppm,0.31,8 ppb,0.000,400ppm,0.00,26.06 °C,1.74,94.74 KPa,2.67,40.71 %,1.32,12946.86 Kohms,27.19,36.00 ppb,0.118,28.27 %,0.92,25.60 °C,2.12,2.15,0.18,0.47,0.19,24.25 °C,1.69,94.71 KPa,2.67,32.31 %,1.06,0.00 Kohms,0.00,30212,0
17-07-2025 11:27:31,1.0,1.79,2.01,2.98,0.39,238 ppm,0.77,440 ppm,1.42,130 ppm,0.42,95 ppm,0.31,4 ppb,0.000,400ppm,0.00,26.07 °C,1.74,94.74 KPa,2.67,40.69 %,1.32,12946.86 Kohms,27.19,36.00 ppb,0.118,28.26 %,0.92,25.60 °C,2.12,1.48,0.18,0.47,0.18,24.25 °C,1.69,94.72 KPa,2.67,32.36 %,1.06,62.39 Kohms,0.13,30268,0
17-07-2025 11:27:36,1.0,1.97,2.01,2.97,0.36,239 ppm,0.77,440 ppm,1.42,129 ppm,0.42,94 ppm,0.30,6 ppb,0.000,400ppm,0.00,26.07 °C,1.74,94.73 KPa,2.67,40.69 %,1.32,12946.86 Kohms,27.19,36.00 ppb,0.118,28.27 %,0.92,25.61 °C,2.12,1.27,0.18,0.46,0.18,24.28 °C,1.69,94.72 KPa,2.67,32.43 %,1.06,60.81 Kohms,0.13,30277,0
17-07-2025 11:27:41,1.0,2.07,1.99,3.0,0.39,239 ppm,0.77,440 ppm,1.42,129 ppm,0.42,94 ppm,0.30,5 ppb,0.000,400ppm,0.00,26.06 °C,1.74,94.74 KPa,2.67,40.71 %,1.32,12946.86 Kohms,27.19,35.80 ppb,0.115,28.27 %,0.92,25.61 °C,2.12,1.47,0.19,0.46,0.18,24.30 °C,1.69,94.72 KPa,2.67,32.44 %,1.06,62.30 Kohms,0.13,30280,0
17-07-2025 11:27:46,1.0,1.76,2.02,2.98,0.36,239 ppm,0.77,440 ppm,1.42,129 ppm,0.42,94 ppm,0.30,7 ppb,0.000,400ppm,0.00,26.07 °C,1.74,94.73 KPa,2.67,40.71 %,1.32,12946.86 Kohms,27.19,36.20 ppb,0.118,28.27 %,0.92,25.61 °C,2.12,1.92,0.18,0.47,0.19,24.30 °C,1.69,94.72 KPa,2.67,32.46 %,1.06,63.05 Kohms,0.13,30292,0
17-07-2025 11:27:51,1.0,2.08,2.0,3.01,0.36,238 ppm,0.77,440 ppm,1.42,129 ppm,0.42,94 ppm,0.30,5 ppb,0.000,400ppm,0.00,26.06 °C,1.74,94.73 KPa,2.67,40.70 %,1.32,12946.86 Kohms,27.19,36.40 ppb,0.118,28.27 %,0.92,25.61 °C,2.12,1.76,0.18,0.46,0.18,24.30 °C,1.69,94.72 KPa,2.67,32.43 %,1.06,63.63 Kohms,0.13,30294,0
17-07-2025 11:27:56,1.0,1.78,2.02,3.01,0.36,239 ppm,0.77,440 ppm,1.42,129 ppm,0.42,95 ppm,0.31,12 ppb,0.000,400ppm,0.00,26.06 °C,1.74,94.73 KPa,2.67,40.70 %,1.32,12946.86 Kohms,27.19,36.60 ppb,0.118,28.27 %,0.92,25.62 °C,2.12,1.26,0.18,0.46,0.18,24.30 °C,1.69,94.72 KPa,2.67,32.40 %,1.06,64.06 Kohms,0.13,30278,0
17-07-2025 11:28:01,1.0,2.08,2.01,3.01,0.36,238 ppm,0.77,440 ppm,1.42,129 ppm,0.42,94 ppm,0.30,6 ppb,0.000,400ppm,0.00,26.07 °C,1.74,94.74 KPa,2.67,40.71 %,1.32,12946.86 Kohms,27.19,36.60 ppb,0.118,28.27 %,0.92,25.60 °C,2.12,1.19,0.19,0.46,0.18,24.30 °C,1.69,94.72 KPa,2.67,32.37 %,1.06,64.46 Kohms,0.14,30280,0
17-07-2025 11:28:06,1.0,1.87,2.02,3.02,0.36,239 ppm,0.77,440 ppm,1.42,129 ppm,0.42,94 ppm,0.30,5 ppb,0.000,400ppm,0.00,26.07 °C,1.74,94.73 KPa,2.67,40.69 %,1.32,12946.86 Kohms,27.19,36.60 ppb,0.118,28.28 %,0.92,25.62 °C,2.12,1.72,0.17,0.46,0.18,24.31 °C,1.69,94.72 KPa,2.67,32.33 %,1.06,64.86 Kohms,0.14,30293,0
17-07-2025 11:28:11,1.0,1.97,2.0,3.02,0.37,238 ppm,0.77,440 ppm,1.42,129 ppm,0.42,94 ppm,0.30,2 ppb,0.000,400ppm,0.00,26.07 °C,1.74,94.73 KPa,2.67,40.71 %,1.32,12946.86 Kohms,27.19,36.60 ppb,0.118,28.27 %,0.92,25.60 °C,2.12,1.94,0.18,0.47,0.19,24.31 °C,1.69,94.72 KPa,2.67,32.33 %,1.06,65.01 Kohms,0.14,30288,0
17-07-2025 11:28:16,1.0,2.03,2.0,3.01,0.37,238 ppm,0.77,440 ppm,1.42,129 ppm,0.42,94 ppm,0.30,9 ppb,0.000,400ppm,0.00,26.07 °C,1.74,94.74 KPa,2.67,40.71 %,1.32,12946.86 Kohms,27.19,36.60 ppb,0.118,28.28 %,0.92,25.61 °C,2.12,1.39,0.19,0.46,0.18,24.31 °C,1.69,94.72 KPa,2.67,32.33 %,1.06,65.16 Kohms,0.14,30288,0
17-07-2025 11:28:21,1.0,1.8,2.03,2.99,0.36,239 ppm,0.77,440 ppm,1.42,129 ppm,0.42,94 ppm,0.30,11 ppb,0.000,400ppm,0.00,26.06 °C,1.74,94.74 KPa,2.67,40.70 %,1.32,12946.86 Kohms,27.19,36.60 ppb,0.118,28.28 %,0.92,25.62 °C,2.12,1.21,0.18,0.46,0.18,24.31 °C,1.69,94.72 KPa,2.67,32.34 %,1.06,65.36 Kohms,0.14,30285,0
17-07-2025 11:28:26,1.0,2.1,2.02,2.99,0.36,239 ppm,0.77,440 ppm,1.42,129 ppm,0.42,94 ppm,0.30,10 ppb,0.000,400ppm,0.00,26.07 °C,1.74,94.73 KPa,2.67,40.71 %,1.32,12946.86 Kohms,27.19,36.60 ppb,0.118,28.28 %,0.92,25.61 °C,2.12,1.83,0.18,0.47,0.18,24.31 °C,1.69,94.72 KPa,2.67,32.35 %,1.06,65.47 Kohms,0.14,30292,0
17-07-2025 11:28:31,1.0,1.85,2.0,2.99,0.37,238 ppm,0.77,440 ppm,1.42,129 ppm,0.42,95 ppm,0.31,9 ppb,0.000,400ppm,0.00,26.07 °C,1.74,94.73 KPa,2.67,40.71 %,1.32,12946.86 Kohms,27.19,36.60 ppb,0.118,28.28 %,0.92,25.61 °C,2.12,1.89,0.18,0.46,0.18,24.31 °C,1.69,94.72 KPa,2.67,32.36 %,1.06,65.41 Kohms,0.14,30285,0
17-07-2025 11:28:36,1.0,1.86,2.02,2.99,0.39,239 ppm,0.77,440 ppm,1.42,129 ppm,0.42,94 ppm,0.30,9 ppb,0.000,400ppm,0.00,26.07 °C,1.74,94.73 KPa,2.67,40.71 %,1.32,12946.86 Kohms,27.19,36.60 ppb,0.118,28.28 %,0.92,25.62 °C,2.12,1.33,0.18,0.47,0.18,24.32 °C,1.69,94.72 KPa,2.67,32.34 %,1.06,65.67 Kohms,0.14,30284,0
17-07-2025 11:28:41,1.0,2.07,2.03,2.99,0.39,238 ppm,0.77,440 ppm,1.42,129 ppm,0.42,95 ppm,0.31,9 ppb,0.000,400ppm,0.00,26.06 °C,1.74,94.73 KPa,2.67,40.72 %,1.32,12946.86 Kohms,27.19,36.60 ppb,0.118,28.28 %,0.92,25.61 °C,2.12,1.22,0.18,0.47,0.18,24.31 °C,1.69,94.72 KPa,2.67,32.27 %,1.06,65.98 Kohms,0.14,30278,0
17-07-2025 11:28:46,1.0,1.78,2.0,3.02,0.36,238 ppm,0.77,440 ppm,1.42,129 ppm,0.42,94 ppm,0.30,9 ppb,0.000,400ppm,0.00,26.07 °C,1.74,94.73 KPa,2.67,40.71 %,1.32,12946.86 Kohms,27.19,36.80 ppb,0.118,28.28 %,0.92,25.63 °C,2.12,1.85,0.18,0.46,0.18,24.32 °C,1.69,94.72 KPa,2.67,32.17 %,1.06,66.19 Kohms,0.14,30284,0
17-07-2025 11:28:51,1.0,2.1,2.0,3.02,0.38,239 ppm,0.77,440 ppm,1.42,129 ppm,0.42,94 ppm,0.30,11 ppb,0.000,400ppm,0.00,26.07 °C,1.74,94.73 KPa,2.67,40.70 %,1.32,12946.86 Kohms,27.19,36.80 ppb,0.118,28.28 %,0.92,25.62 °C,2.12,1.84,0.18,0.46,0.18,24.31 °C,1.69,94.71 KPa,2.67,32.07 %,1.06,66.30 Kohms,0.14,30264,0
17-07-2025 11:28:56,1.0,1.8,2.02,3.0,0.37,239 ppm,0.77,440 ppm,1.42,129 ppm,0.42,94 ppm,0.30,7 ppb,0.000,400ppm,0.00,26.07 °C,1.74,94.73 KPa,2.67,40.71 %,1.32,12946.86 Kohms,27.19,37.00 ppb,0.122,28.28 %,0.92,25.60 °C,2.12,1.26,0.19,0.46,0.18,24.31 °C,1.69,94.72 KPa,2.67,31.99 %,1.02,66.45 Kohms,0.14,30262,0
17-07-2025 11:29:01,1.0,2.09,2.0,3.0,0.38,239 ppm,0.77,440 ppm,1.42,129 ppm,0.42,94 ppm,0.30,7 ppb,0.000,400ppm,0.00,26.07 °C,1.74,94.74 KPa,2.67,40.72 %,1.32,12946.86 Kohms,27.19,36.60 ppb,0.118,28.27 %,0.92,25.61 °C,2.12,1.28,0.19,0.46,0.18,24.32 °C,1.69,94.71 KPa,2.67,31.97 %,1.02,66.66 Kohms,0.14,30272,0
17-07-2025 11:29:06,1.0,1.9,2.0,3.0,0.37,239 ppm,0.77,441 ppm,1.42,129 ppm,0.42,94 ppm,0.30,7 ppb,0.000,400ppm,0.00,26.07 °C,1.74,94.73 KPa,2.67,40.70 %,1.32,12946.86 Kohms,27.19,36.40 ppb,0.118,28.28 %,0.92,25.61 °C,2.12,1.86,0.18,0.46,0.18,24.32 °C,1.69,94.72 KPa,2.67,31.97 %,1.02,66.56 Kohms,0.14,30273,0
17-07-2025 11:29:11,1.0,1.86,2.02,3.01,0.36,239 ppm,0.77,441 ppm,1.42,129 ppm,0.42,94 ppm,0.30,9 ppb,0.000,400ppm,0.00,26.07 °C,1.74,94.73 KPa,2.67,40.72 %,1.32,12946.86 Kohms,27.19,36.40 ppb,0.118,28.29 %,0.92,25.61 °C,2.12,1.88,0.18,0.46,0.19,24.32 °C,1.69,94.72 KPa,2.67,31.98 %,1.02,66.88 Kohms,0.14,30281,0
17-07-2025 11:29:16,1.0,2.08,2.02,3.03,0.39,239 ppm,0.77,440 ppm,1.42,129 ppm,0.42,94 ppm,0.30,6 ppb,0.000,400ppm,0.00,26.08 °C,1.74,94.73 KPa,2.67,40.72 %,1.32,12946.86 Kohms,27.19,36.40 ppb,0.118,28.29 %,0.92,25.63 °C,2.12,1.25,0.18,0.47,0.19,24.32 °C,1.69,94.72 KPa,2.67,31.99 %,1.02,66.77 Kohms,0.14,30287,0
17-07-2025 11:29:21,1.0,1.86,2.0,3.03,0.36,239 ppm,0.77,441 ppm,1.42,130 ppm,0.42,94 ppm,0.30,10 ppb,0.000,400ppm,0.00,26.08 °C,1.74,94.73 KPa,2.67,40.71 %,1.32,12946.86 Kohms,27.19,36.20 ppb,0.118,28.29 %,0.92,25.60 °C,2.12,1.29,0.17,0.46,0.18,24.32 °C,1.69,94.71 KPa,2.67,32.02 %,1.06,66.82 Kohms,0.14,30285,0
17-07-2025 11:29:26,1.0,2.05,1.99,3.03,0.36,238 ppm,0.77,441 ppm,1.42,129 ppm,0.42,93 ppm,0.30,9 ppb,0.000,400ppm,0.00,26.08 °C,1.74,94.73 KPa,2.67,40.71 %,1.32,12946.86 Kohms,27.19,36.20 ppb,0.118,28.30 %,0.92,25.62 °C,2.12,1.86,0.18,0.47,0.18,24.32 °C,1.69,94.72 KPa,2.67,32.02 %,1.06,66.77 Kohms,0.14,30287,0
17-07-2025 11:29:31,1.0,1.81,2.03,3.0,0.37,239 ppm,0.77,441 ppm,1.42,129 ppm,0.42,94 ppm,0.30,13 ppb,0.000,400ppm,0.00,26.08 °C,1.74,94.73 KPa,2.67,40.72 %,1.32,12946.86 Kohms,27.19,36.20 ppb,0.118,28.30 %,0.92,25.60 °C,2.12,1.85,0.18,0.47,0.18,24.33 °C,1.69,94.72 KPa,2.67,32.03 %,1.06,66.77 Kohms,0.14,30292,0
17-07-2025 11:29:36,1.0,2.11,2.0,3.03,0.36,239 ppm,0.77,441 ppm,1.42,130 ppm,0.42,94 ppm,0.30,12 ppb,0.000,400ppm,0.00,26.07 °C,1.74,94.73 KPa,2.67,40.71 %,1.32,12946.86 Kohms,27.19,36.20 ppb,0.118,28.31 %,0.92,25.61 °C,2.12,1.25,0.18,0.46,0.18,24.32 °C,1.69,94.71 KPa,2.67,32.06 %,1.06,66.98 Kohms,0.14,30294,0
17-07-2025 11:29:41,1.0,1.76,2.02,3.01,0.39,239 ppm,0.77,441 ppm,1.42,129 ppm,0.42,93 ppm,0.30,8 ppb,0.000,400ppm,0.00,26.08 °C,1.74,94.73 KPa,2.67,40.72 %,1.32,12946.86 Kohms,27.19,36.40 ppb,0.118,28.32 %,0.92,25.62 °C,2.12,1.29,0.18,0.46,0.18,24.32 °C,1.69,94.72 KPa,2.67,32.08 %,1.06,66.77 Kohms,0.14,30291,0
17-07-2025 11:29:46,1.0,2.09,2.01,3.04,0.37,239 ppm,0.77,441 ppm,1.42,129 ppm,0.42,94 ppm,0.30,17 ppb,0.000,400ppm,0.00,26.08 °C,1.74,94.73 KPa,2.67,40.70 %,1.32,12946.86 Kohms,27.19,36.40 ppb,0.118,28.31 %,0.92,25.61 °C,2.12,1.84,0.17,0.46,0.18,24.32 °C,1.69,94.71 KPa,2.67,32.10 %,1.06,66.88 Kohms,0.14,30295,0
17-07-2025 11:29:51,1.0,1.79,2.02,3.04,0.36,239 ppm,0.77,441 ppm,1.42,129 ppm,0.42,94 ppm,0.30,8 ppb,0.000,400ppm,0.00,26.08 °C,1.74,94.73 KPa,2.67,40.72 %,1.32,12946.86 Kohms,27.19,36.40 ppb,0.118,28.30 %,0.92,25.62 °C,2.12,1.91,0.18,0.46,0.18,24.32 °C,1.69,94.71 KPa,2.67,32.13 %,1.06,66.72 Kohms,0.14,30305,0
17-07-2025 11:29:56,1.0,2.1,2.02,3.01,0.37,239 ppm,0.77,441 ppm,1.42,129 ppm,0.42,93 ppm,0.30,6 ppb,0.000,400ppm,0.00,26.08 °C,1.74,94.73 KPa,2.67,40.71 %,1.32,12946.86 Kohms,27.19,36.60 ppb,0.118,28.30 %,0.92,25.62 °C,2.12,1.45,0.18,0.46,0.18,24.33 °C,1.69,94.72 KPa,2.67,32.16 %,1.06,66.88 Kohms,0.14,30304,0
17-07-2025 11:30:01,1.0,1.77,2.02,3.02,0.37,239 ppm,0.77,441 ppm,1.42,129 ppm,0.42,93 ppm,0.30,11 ppb,0.000,400ppm,0.00,26.08 °C,1.74,94.73 KPa,2.67,40.71 %,1.32,12946.86 Kohms,27.19,36.60 ppb,0.118,28.31 %,0.92,25.62 °C,2.12,1.15,0.18,0.46,0.18,24.32 °C,1.69,94.71 KPa,2.67,32.19 %,1.06,66.82 Kohms,0.14,30309,0
17-07-2025 11:30:06,1.0,2.05,2.01,3.05,0.36,239 ppm,0.77,441 ppm,1.42,129 ppm,0.42,93 ppm,0.30,9 ppb,0.000,400ppm,0.00,26.08 °C,1.74,94.73 KPa,2.67,40.71 %,1.32,12946.86 Kohms,27.19,36.60 ppb,0.118,28.30 %,0.92,25.63 °C,2.12,1.49,0.18,0.46,0.19,24.32 °C,1.69,94.71 KPa,2.67,32.22 %,1.06,66.88 Kohms,0.14,30308,0
17-07-2025 11:30:11,1.0,1.91,2.02,3.02,0.38,239 ppm,0.77,441 ppm,1.42,129 ppm,0.42,93 ppm,0.30,11 ppb,0.000,400ppm,0.00,26.08 °C,1.74,94.73 KPa,2.67,40.73 %,1.32,12946.86 Kohms,27.19,36.60 ppb,0.118,28.30 %,0.92,25.61 °C,2.12,1.87,0.19,0.46,0.18,24.32 °C,1.69,94.71 KPa,2.67,32.23 %,1.06,66.77 Kohms,0.14,30295,0
17-07-2025 11:30:16,1.0,2.01,2.02,3.05,0.39,239 ppm,0.77,441 ppm,1.42,129 ppm,0.42,94 ppm,0.30,17 ppb,0.000,400ppm,0.00,26.08 °C,1.74,94.73 KPa,2.67,40.71 %,1.32,12946.86 Kohms,27.19,36.60 ppb,0.118,28.31 %,0.92,25.61 °C,2.12,1.89,0.18,0.46,0.18,24.32 °C,1.69,94.71 KPa,2.67,32.24 %,1.06,66.77 Kohms,0.14,30303,0
17-07-2025 11:30:21,1.0,1.91,2.0,3.05,0.37,239 ppm,0.77,441 ppm,1.42,130 ppm,0.42,94 ppm,0.30,14 ppb,0.000,400ppm,0.00,26.08 °C,1.74,94.73 KPa,2.67,40.72 %,1.32,12946.86 Kohms,27.19,36.80 ppb,0.118,28.32 %,0.92,25.64 °C,2.12,1.42,0.17,0.46,0.18,24.33 °C,1.69,94.72 KPa,2.67,32.25 %,1.06,66.82 Kohms,0.14,30303,0
17-07-2025 11:30:26,1.0,1.86,2.0,3.02,0.36,239 ppm,0.77,441 ppm,1.42,129 ppm,0.42,94 ppm,0.30,11 ppb,0.000,400ppm,0.00,26.08 °C,1.74,94.73 KPa,2.67,40.72 %,1.32,12946.86 Kohms,27.19,37.00 ppb,0.122,28.30 %,0.92,25.62 °C,2.12,1.15,0.18,0.46,0.19,24.33 °C,1.69,94.72 KPa,2.67,32.25 %,1.06,66.77 Kohms,0.14,30296,0
17-07-2025 11:30:31,1.0,2.06,2.0,3.02,0.38,239 ppm,0.77,441 ppm,1.42,129 ppm,0.42,93 ppm,0.30,15 ppb,0.000,400ppm,0.00,26.08 °C,1.74,94.73 KPa,2.67,40.72 %,1.32,12946.86 Kohms,27.19,37.00 ppb,0.122,28.32 %,0.92,25.62 °C,2.12,1.62,0.18,0.47,0.18,24.33 °C,1.69,94.71 KPa,2.67,32.26 %,1.06,66.77 Kohms,0.14,30303,0
17-07-2025 11:30:36,1.0,1.82,2.0,3.05,0.38,239 ppm,0.77,441 ppm,1.42,129 ppm,0.42,93 ppm,0.30,11 ppb,0.000,400ppm,0.00,26.08 °C,1.74,94.73 KPa,2.67,40.72 %,1.32,12946.86 Kohms,27.19,37.00 ppb,0.122,28.31 %,0.92,25.61 °C,2.12,1.97,0.18,0.46,0.18,24.32 °C,1.69,94.71 KPa,2.67,32.29 %,1.06,66.72 Kohms,0.14,30293,0
17-07-2025 11:30:41,1.0,2.09,2.02,3.03,0.36,239 ppm,0.77,440 ppm,1.42,129 ppm,0.42,93 ppm,0.30,8 ppb,0.000,400ppm,0.00,26.08 °C,1.74,94.73 KPa,2.67,40.71 %,1.32,12946.86 Kohms,27.19,37.00 ppb,0.122,28.31 %,0.92,25.63 °C,2.12,1.66,0.18,0.46,0.19,24.33 °C,1.69,94.71 KPa,2.67,32.30 %,1.06,66.88 Kohms,0.14,30307,0
17-07-2025 11:30:46,1.0,1.78,2.0,3.06,0.36,239 ppm,0.77,441 ppm,1.42,129 ppm,0.42,94 ppm,0.30,12 ppb,0.000,400ppm,0.00,26.08 °C,1.74,94.73 KPa,2.67,40.71 %,1.32,12946.86 Kohms,27.19,37.20 ppb,0.122,28.32 %,0.92,25.61 °C,2.12,1.19,0.18,0.46,0.18,24.32 °C,1.69,94.71 KPa,2.67,32.33 %,1.06,66.88 Kohms,0.14,30296,0
17-07-2025 11:30:51,1.0,2.11,1.99,3.03,0.36,239 ppm,0.77,441 ppm,1.42,129 ppm,0.42,94 ppm,0.30,14 ppb,0.000,400ppm,0.00,26.08 °C,1.74,94.73 KPa,2.67,40.71 %,1.32,12946.86 Kohms,27.19,37.20 ppb,0.122,28.31 %,0.92,25.65 °C,2.12,1.39,0.18,0.47,0.19,24.33 °C,1.69,94.71 KPa,2.67,32.31 %,1.06,66.66 Kohms,0.14,30294,0
17-07-2025 11:30:56,1.0,1.78,2.02,3.04,0.36,239 ppm,0.77,441 ppm,1.42,129 ppm,0.42,93 ppm,0.30,11 ppb,0.000,400ppm,0.00,26.08 °C,1.74,94.73 KPa,2.67,40.72 %,1.32,12946.86 Kohms,27.19,37.40 ppb,0.122,28.32 %,0.92,25.61 °C,2.12,1.88,0.17,0.46,0.18,24.33 °C,1.69,94.71 KPa,2.67,32.31 %,1.06,66.88 Kohms,0.14,30308,0
17-07-2025 11:31:01,1.0,2.1,2.0,3.06,0.39,239 ppm,0.77,442 ppm,1.43,129 ppm,0.42,93 ppm,0.30,14 ppb,0.000,400ppm,0.00,26.08 °C,1.74,94.73 KPa,2.67,40.69 %,1.32,12946.86 Kohms,27.19,37.40 ppb,0.122,28.30 %,0.92,25.60 °C,2.12,1.81,0.18,0.47,0.18,24.33 °C,1.69,94.71 KPa,2.67,32.31 %,1.06,66.77 Kohms,0.14,30291,0
17-07-2025 11:31:06,1.0,1.78,2.02,3.04,0.37,239 ppm,0.77,442 ppm,1.43,129 ppm,0.42,93 ppm,0.30,18 ppb,0.000,400ppm,0.00,26.08 °C,1.74,94.73 KPa,2.67,40.71 %,1.32,12946.86 Kohms,27.19,37.20 ppb,0.122,28.32 %,0.92,25.61 °C,2.12,1.24,0.18,0.46,0.18,24.33 °C,1.69,94.71 KPa,2.67,32.29 %,1.06,66.98 Kohms,0.14,30300,0
17-07-2025 11:31:11,1.0,2.1,2.03,3.05,0.39,239 ppm,0.77,441 ppm,1.42,130 ppm,0.42,94 ppm,0.30,14 ppb,0.000,400ppm,0.00,26.09 °C,1.74,94.73 KPa,2.67,40.70 %,1.32,12946.86 Kohms,27.19,37.40 ppb,0.122,28.32 %,0.92,25.64 °C,2.12,1.33,0.18,0.46,0.18,24.33 °C,1.69,94.71 KPa,2.67,32.28 %,1.06,66.93 Kohms,0.14,30291,0
17-07-2025 11:31:16,1.0,1.78,2.02,3.04,0.39,239 ppm,0.77,441 ppm,1.42,129 ppm,0.42,93 ppm,0.30,14 ppb,0.000,400ppm,0.00,26.09 °C,1.74,94.73 KPa,2.67,40.71 %,1.32,12946.86 Kohms,27.19,37.40 ppb,0.122,28.31 %,0.92,25.62 °C,2.12,1.91,0.18,0.47,0.18,24.33 °C,1.69,94.71 KPa,2.67,32.26 %,1.06,66.88 Kohms,0.14,30296,0
17-07-2025 11:31:21,1.0,2.06,2.0,3.07,0.37,239 ppm,0.77,440 ppm,1.42,129 ppm,0.42,93 ppm,0.30,18 ppb,0.000,400ppm,0.00,26.09 °C,1.74,94.73 KPa,2.67,40.71 %,1.32,12946.86 Kohms,27.19,37.40 ppb,0.122,28.31 %,0.92,25.62 °C,2.12,1.68,0.17,0.46,0.18,24.33 °C,1.69,94.71 KPa,2.67,32.29 %,1.06,66.93 Kohms,0.14,30281,0
17-07-2025 11:31:26,1.0,1.86,2.02,3.04,0.38,239 ppm,0.77,441 ppm,1.42,130 ppm,0.42,93 ppm,0.30,14 ppb,0.000,400ppm,0.00,26.09 °C,1.74,94.73 KPa,2.67,40.71 %,1.32,12946.86 Kohms,27.19,37.40 ppb,0.122,28.31 %,0.92,25.64 °C,2.12,1.17,0.18,0.46,0.19,24.33 °C,1.69,94.71 KPa,2.67,32.31 %,1.06,66.98 Kohms,0.14,30293,0
17-07-2025 11:31:31,1.0,1.91,2.0,3.06,0.36,239 ppm,0.77,441 ppm,1.42,129 ppm,0.42,93 ppm,0.30,16 ppb,0.000,400ppm,0.00,26.08 °C,1.74,94.73 KPa,2.67,40.72 %,1.32,12946.86 Kohms,27.19,37.40 ppb,0.122,28.32 %,0.92,25.62 °C,2.12,1.48,0.19,0.46,0.18,24.34 °C,1.69,94.71 KPa,2.67,32.30 %,1.06,66.98 Kohms,0.14,30295,0
17-07-2025 11:31:36,1.0,2.01,2.0,3.07,0.39,239 ppm,0.77,441 ppm,1.42,129 ppm,0.42,94 ppm,0.30,14 ppb,0.000,400ppm,0.00,26.09 °C,1.74,94.73 KPa,2.67,40.71 %,1.32,12946.86 Kohms,27.19,37.40 ppb,0.122,28.31 %,0.92,25.62 °C,2.12,1.92,0.18,0.46,0.18,24.34 °C,1.69,94.71 KPa,2.67,32.29 %,1.06,67.04 Kohms,0.14,30292,0
17-07-2025 11:31:41,1.0,1.78,2.0,3.04,0.37,239 ppm,0.77,441 ppm,1.42,129 ppm,0.42,94 ppm,0.30,14 ppb,0.000,400ppm,0.00,26.09 °C,1.74,94.73 KPa,2.67,40.71 %,1.32,12946.86 Kohms,27.19,37.40 ppb,0.122,28.30 %,0.92,25.62 °C,2.12,1.8,0.18,0.46,0.18,24.33 °C,1.69,94.71 KPa,2.67,32.29 %,1.06,66.88 Kohms,0.14,30289,0
17-07-2025 11:31:46,1.0,2.08,2.01,3.05,0.38,239 ppm,0.77,441 ppm,1.42,128 ppm,0.41,94 ppm,0.30,19 ppb,0.001,400ppm,0.00,26.09 °C,1.74,94.73 KPa,2.67,40.70 %,1.32,12946.86 Kohms,27.19,37.40 ppb,0.122,28.32 %,0.92,25.63 °C,2.12,1.3,0.17,0.46,0.18,24.34 °C,1.69,94.71 KPa,2.67,32.28 %,1.06,66.98 Kohms,0.14,30304,0
17-07-2025 11:31:51,1.0,1.77,2.0,3.07,0.38,239 ppm,0.77,441 ppm,1.42,129 ppm,0.42,93 ppm,0.30,12 ppb,0.000,400ppm,0.00,26.09 °C,1.74,94.73 KPa,2.67,40.71 %,1.32,12946.86 Kohms,27.19,37.40 ppb,0.122,28.30 %,0.92,25.61 °C,2.12,1.2,0.18,0.46,0.18,24.33 °C,1.69,94.71 KPa,2.67,32.29 %,1.06,67.15 Kohms,0.14,30286,0
17-07-2025 11:31:56,1.0,2.06,2.03,3.04,0.39,239 ppm,0.77,441 ppm,1.42,129 ppm,0.42,94 ppm,0.30,9 ppb,0.000,400ppm,0.00,26.08 °C,1.74,94.73 KPa,2.67,40.72 %,1.32,12946.86 Kohms,27.19,37.40 ppb,0.122,28.32 %,0.92,25.63 °C,2.12,1.72,0.17,0.46,0.18,24.33 °C,1.69,94.71 KPa,2.67,32.26 %,1.06,67.04 Kohms,0.14,30280,0
17-07-2025 11:32:01,1.0,1.82,2.03,3.05,0.39,240 ppm,0.77,441 ppm,1.42,129 ppm,0.42,94 ppm,0.30,12 ppb,0.000,400ppm,0.00,26.09 °C,1.74,94.73 KPa,2.67,40.71 %,1.32,12946.86 Kohms,27.19,37.60 ppb,0.122,28.31 %,0.92,25.64 °C,2.12,1.95,0.18,0.46,0.18,24.33 °C,1.69,94.71 KPa,2.67,32.28 %,1.06,66.98 Kohms,0.14,30281,0
17-07-2025 11:32:06,1.0,1.97,2.02,3.05,0.37,239 ppm,0.77,441 ppm,1.42,129 ppm,0.42,94 ppm,0.30,21 ppb,0.001,400ppm,0.00,26.09 °C,1.74,94.73 KPa,2.67,40.71 %,1.32,12946.86 Kohms,27.19,37.60 ppb,0.122,28.31 %,0.92,25.64 °C,2.12,1.53,0.18,0.46,0.18,24.33 °C,1.69,94.71 KPa,2.67,32.27 %,1.06,67.09 Kohms,0.14,30285,0
17-07-2025 11:32:11,1.0,2.02,2.02,3.04,0.39,239 ppm,0.77,442 ppm,1.43,129 ppm,0.42,93 ppm,0.30,18 ppb,0.000,400ppm,0.00,26.10 °C,1.74,94.73 KPa,2.67,40.69 %,1.32,12946.86 Kohms,27.19,37.60 ppb,0.122,28.31 %,0.92,25.62 °C,2.12,1.22,0.18,0.46,0.18,24.34 °C,1.69,94.71 KPa,2.67,32.28 %,1.06,67.04 Kohms,0.14,30281,0
17-07-2025 11:32:16,1.0,1.77,1.99,3.04,0.36,239 ppm,0.77,441 ppm,1.42,129 ppm,0.42,94 ppm,0.30,14 ppb,0.000,400ppm,0.00,26.09 °C,1.74,94.73 KPa,2.67,40.72 %,1.32,12946.86 Kohms,27.19,37.60 ppb,0.122,28.31 %,0.92,25.60 °C,2.12,1.22,0.18,0.47,0.19,24.33 °C,1.69,94.71 KPa,2.67,32.29 %,1.06,66.98 Kohms,0.14,30288,0
17-07-2025 11:32:21,1.0,2.07,2.02,3.06,0.38,239 ppm,0.77,441 ppm,1.42,129 ppm,0.42,94 ppm,0.30,18 ppb,0.000,400ppm,0.00,26.09 °C,1.74,94.73 KPa,2.67,40.69 %,1.32,12946.86 Kohms,27.19,37.60 ppb,0.122,28.31 %,0.92,25.64 °C,2.12,1.53,0.18,0.46,0.18,24.34 °C,1.69,94.71 KPa,2.67,32.32 %,1.06,67.09 Kohms,0.14,30268,0
17-07-2025 11:32:26,1.0,1.8,2.0,3.04,0.39,239 ppm,0.77,441 ppm,1.42,129 ppm,0.42,94 ppm,0.30,14 ppb,0.000,400ppm,0.00,26.10 °C,1.74,94.73 KPa,2.67,40.71 %,1.32,12946.86 Kohms,27.19,37.60 ppb,0.122,28.32 %,0.92,25.62 °C,2.12,1.78,0.18,0.46,0.18,24.34 °C,1.69,94.71 KPa,2.67,32.32 %,1.06,66.98 Kohms,0.14,30299,0
17-07-2025 11:32:31,1.0,1.91,2.02,3.07,0.38,239 ppm,0.77,441 ppm,1.42,129 ppm,0.42,93 ppm,0.30,18 ppb,0.000,400ppm,0.00,26.09 °C,1.74,94.73 KPa,2.67,40.72 %,1.32,12946.86 Kohms,27.19,37.60 ppb,0.122,28.31 %,0.92,25.65 °C,2.12,1.95,0.18,0.46,0.19,24.34 °C,1.69,94.71 KPa,2.67,32.34 %,1.06,66.93 Kohms,0.14,30277,0
17-07-2025 11:32:36,1.0,2.08,2.0,3.07,0.35,239 ppm,0.77,441 ppm,1.42,129 ppm,0.42,94 ppm,0.30,16 ppb,0.000,400ppm,0.00,26.09 °C,1.74,94.73 KPa,2.67,40.71 %,1.32,12946.86 Kohms,27.19,37.60 ppb,0.122,28.31 %,0.92,25.63 °C,2.12,1.77,0.18,0.46,0.18,24.34 °C,1.69,94.71 KPa,2.67,32.37 %,1.06,66.88 Kohms,0.14,30279,0
17-07-2025 11:32:41,1.0,1.77,2.0,3.08,0.37,239 ppm,0.77,441 ppm,1.42,129 ppm,0.42,94 ppm,0.30,14 ppb,0.000,400ppm,0.00,26.10 °C,1.74,94.73 KPa,2.67,40.69 %,1.32,12946.86 Kohms,27.19,37.60 ppb,0.122,28.32 %,0.92,25.61 °C,2.12,1.39,0.18,0.46,0.18,24.34 °C,1.69,94.71 KPa,2.67,32.40 %,1.06,66.88 Kohms,0.14,30278,0
17-07-2025 11:32:46,1.0,2.11,2.0,3.04,0.39,239 ppm,0.77,441 ppm,1.42,128 ppm,0.41,94 ppm,0.30,20 ppb,0.001,400ppm,0.00,26.10 °C,1.74,94.73 KPa,2.67,40.70 %,1.32,12946.86 Kohms,27.19,37.80 ppb,0.122,28.32 %,0.92,25.64 °C,2.12,1.22,0.18,0.47,0.19,24.34 °C,1.69,94.71 KPa,2.67,32.41 %,1.06,66.82 Kohms,0.14,30281,0
17-07-2025 11:32:51,1.0,1.81,2.0,3.07,0.38,239 ppm,0.77,441 ppm,1.42,129 ppm,0.42,93 ppm,0.30,16 ppb,0.000,400ppm,0.00,26.10 °C,1.74,94.73 KPa,2.67,40.72 %,1.32,12946.86 Kohms,27.19,37.80 ppb,0.122,28.31 %,0.92,25.64 °C,2.12,1.2,0.18,0.46,0.18,24.34 °C,1.69,94.71 KPa,2.67,32.38 %,1.06,66.93 Kohms,0.14,30273,0
17-07-2025 11:32:56,1.0,2.06,2.03,3.05,0.37,240 ppm,0.77,442 ppm,1.43,129 ppm,0.42,93 ppm,0.30,20 ppb,0.001,400ppm,0.00,26.10 °C,1.74,94.73 KPa,2.67,40.71 %,1.32,12946.86 Kohms,27.19,38.00 ppb,0.125,28.32 %,0.92,25.64 °C,2.12,1.41,0.19,0.46,0.18,24.34 °C,1.69,94.71 KPa,2.67,32.36 %,1.06,67.20 Kohms,0.14,30277,0
17-07-2025 11:33:01,1.0,1.81,2.02,3.05,0.37,239 ppm,0.77,441 ppm,1.42,129 ppm,0.42,93 ppm,0.30,22 ppb,0.001,400ppm,0.00,26.10 °C,1.74,94.73 KPa,2.67,40.70 %,1.32,12946.86 Kohms,27.19,38.00 ppb,0.125,28.32 %,0.92,25.64 °C,2.12,1.8,0.18,0.47,0.18,24.34 °C,1.69,94.71 KPa,2.67,32.28 %,1.06,67.20 Kohms,0.14,30278,0
17-07-2025 11:33:06,1.0,2.1,2.01,3.07,0.39,239 ppm,0.77,441 ppm,1.42,129 ppm,0.42,93 ppm,0.30,18 ppb,0.000,400ppm,0.00,26.10 °C,1.74,94.73 KPa,2.67,40.71 %,1.32,12946.86 Kohms,27.19,38.00 ppb,0.125,28.34 %,0.92,25.64 °C,2.12,1.96,0.19,0.46,0.18,24.34 °C,1.69,94.71 KPa,2.67,32.25 %,1.06,67.25 Kohms,0.14,30276,0
17-07-2025 11:33:11,1.0,1.82,2.01,3.04,0.36,239 ppm,0.77,441 ppm,1.42,129 ppm,0.42,93 ppm,0.30,17 ppb,0.000,400ppm,0.00,26.09 °C,1.74,94.73 KPa,2.67,40.71 %,1.32,12946.86 Kohms,27.19,38.20 ppb,0.125,28.33 %,0.92,25.61 °C,2.12,1.48,0.18,0.46,0.18,24.34 °C,1.69,94.71 KPa,2.67,32.27 %,1.06,67.04 Kohms,0.14,30288,0
17-07-2025 11:33:16,1.0,1.94,2.02,3.05,0.36,240 ppm,0.77,441 ppm,1.42,129 ppm,0.42,94 ppm,0.30,18 ppb,0.000,400ppm,0.00,26.10 °C,1.74,94.73 KPa,2.67,40.71 %,1.32,12946.86 Kohms,27.19,38.20 ppb,0.125,28.33 %,0.92,25.63 °C,2.12,1.15,0.19,0.46,0.18,24.34 °C,1.69,94.71 KPa,2.67,32.26 %,1.06,67.20 Kohms,0.14,30256,0
17-07-2025 11:33:21,1.0,2.03,2.0,3.04,0.37,240 ppm,0.77,441 ppm,1.42,129 ppm,0.42,93 ppm,0.30,20 ppb,0.001,400ppm,0.00,26.10 °C,1.74,94.73 KPa,2.67,40.71 %,1.32,12946.86 Kohms,27.19,38.20 ppb,0.125,28.32 %,0.92,25.65 °C,2.12,1.48,0.18,0.47,0.18,24.34 °C,1.69,94.71 KPa,2.67,32.27 %,1.06,67.04 Kohms,0.14,30271,0
17-07-2025 11:33:26,1.0,1.83,2.0,3.05,0.36,239 ppm,0.77,441 ppm,1.42,129 ppm,0.42,93 ppm,0.30,16 ppb,0.000,400ppm,0.00,26.10 °C,1.74,94.73 KPa,2.67,40.71 %,1.32,12946.86 Kohms,27.19,38.20 ppb,0.125,28.34 %,0.92,25.64 °C,2.12,1.87,0.19,0.46,0.18,24.35 °C,1.69,94.71 KPa,2.67,32.29 %,1.06,66.98 Kohms,0.14,30277,0
17-07-2025 11:33:31,1.0,2.09,2.01,3.05,0.39,240 ppm,0.77,441 ppm,1.42,129 ppm,0.42,93 ppm,0.30,23 ppb,0.001,400ppm,0.00,26.10 °C,1.74,94.73 KPa,2.67,40.72 %,1.32,12946.86 Kohms,27.19,38.20 ppb,0.125,28.33 %,0.92,25.64 °C,2.12,1.91,0.18,0.47,0.19,24.35 °C,1.69,94.71 KPa,2.67,32.33 %,1.06,66.93 Kohms,0.14,30286,0
17-07-2025 11:33:36,1.0,1.78,2.01,3.08,0.39,240 ppm,0.77,441 ppm,1.42,129 ppm,0.42,93 ppm,0.30,13 ppb,0.000,400ppm,0.00,26.10 °C,1.74,94.73 KPa,2.67,40.72 %,1.32,12946.86 Kohms,27.19,38.20 ppb,0.125,28.32 %,0.92,25.65 °C,2.12,1.46,0.18,0.46,0.18,24.34 °C,1.69,94.71 KPa,2.67,32.34 %,1.06,67.04 Kohms,0.14,30277,0
17-07-2025 11:33:41,1.0,2.1,1.99,3.04,0.39,239 ppm,0.77,441 ppm,1.42,129 ppm,0.42,93 ppm,0.30,16 ppb,0.000,400ppm,0.00,26.10 °C,1.74,94.73 KPa,2.67,40.71 %,1.32,12946.86 Kohms,27.19,38.20 ppb,0.125,28.34 %,0.92,25.64 °C,2.12,1.19,0.18,0.46,0.18,24.35 °C,1.69,94.71 KPa,2.67,32.37 %,1.06,66.98 Kohms,0.14,30274,0
17-07-2025 11:33:47,1.0,1.8,2.0,3.08,0.39,240 ppm,0.77,441 ppm,1.42,129 ppm,0.42,92 ppm,0.30,18 ppb,0.000,400ppm,0.00,26.10 °C,1.74,94.73 KPa,2.67,40.70 %,1.32,12946.86 Kohms,27.19,38.20 ppb,0.125,28.32 %,0.92,25.65 °C,2.12,1.25,0.18,0.46,0.18,24.35 °C,1.69,94.71 KPa,2.67,32.38 %,1.06,66.98 Kohms,0.14,30276,0
17-07-2025 11:33:52,1.0,2.06,2.02,3.08,0.37,239 ppm,0.77,442 ppm,1.43,129 ppm,0.42,94 ppm,0.30,20 ppb,0.001,400ppm,0.00,26.11 °C,1.74,94.73 KPa,2.67,40.72 %,1.32,12946.86 Kohms,27.19,38.20 ppb,0.125,28.33 %,0.92,25.65 °C,2.12,1.67,0.18,0.46,0.18,24.34 °C,1.69,94.71 KPa,2.67,32.41 %,1.06,66.88 Kohms,0.14,30279,0
17-07-2025 11:33:57,1.0,1.82,1.99,3.05,0.37,240 ppm,0.77,441 ppm,1.42,129 ppm,0.42,93 ppm,0.30,22 ppb,0.001,400ppm,0.00,26.10 °C,1.74,94.73 KPa,2.67,40.71 %,1.32,12946.86 Kohms,27.19,38.20 ppb,0.125,28.31 %,0.92,25.64 °C,2.12,1.93,0.19,0.46,0.17,24.34 °C,1.69,94.71 KPa,2.67,32.42 %,1.06,66.88 Kohms,0.14,30272,0
17-07-2025 11:34:02,1.0,2.08,2.0,3.05,0.39,240 ppm,0.77,441 ppm,1.42,129 ppm,0.42,94 ppm,0.30,22 ppb,0.001,400ppm,0.00,26.10 °C,1.74,94.73 KPa,2.67,40.72 %,1.32,12946.86 Kohms,27.19,38.20 ppb,0.125,28.33 %,0.92,25.64 °C,2.12,1.84,0.18,0.47,0.19,24.34 °C,1.69,94.71 KPa,2.67,32.45 %,1.06,66.82 Kohms,0.14,30277,0
17-07-2025 11:34:07,1.0,1.79,2.02,3.06,0.36,240 ppm,0.77,441 ppm,1.42,129 ppm,0.42,94 ppm,0.30,17 ppb,0.000,400ppm,0.00,26.11 °C,1.74,94.73 KPa,2.67,40.71 %,1.32,12946.86 Kohms,27.19,38.20 ppb,0.125,28.33 %,0.92,25.65 °C,2.12,1.35,0.18,0.47,0.19,24.35 °C,1.69,94.71 KPa,2.67,32.44 %,1.06,66.72 Kohms,0.14,30277,0
17-07-2025 11:34:12,1.0,2.1,2.0,3.06,0.35,239 ppm,0.77,442 ppm,1.43,129 ppm,0.42,93 ppm,0.30,23 ppb,0.001,400ppm,0.00,26.10 °C,1.74,94.73 KPa,2.67,40.72 %,1.32,12946.86 Kohms,27.19,38.20 ppb,0.125,28.33 %,0.92,25.65 °C,2.12,1.16,0.18,0.47,0.19,24.35 °C,1.69,94.71 KPa,2.67,32.46 %,1.06,66.93 Kohms,0.14,30284,0
17-07-2025 11:34:17,1.0,1.77,2.02,3.09,0.39,240 ppm,0.77,442 ppm,1.43,129 ppm,0.42,93 ppm,0.30,20 ppb,0.001,400ppm,0.00,26.11 °C,1.74,94.73 KPa,2.67,40.71 %,1.32,12946.86 Kohms,27.19,38.20 ppb,0.125,28.33 %,0.92,25.66 °C,2.12,1.65,0.18,0.46,0.18,24.34 °C,1.69,94.71 KPa,2.67,32.47 %,1.06,66.98 Kohms,0.14,30297,0
17-07-2025 11:34:22,1.0,2.11,2.0,3.06,0.36,239 ppm,0.77,441 ppm,1.42,129 ppm,0.42,94 ppm,0.30,23 ppb,0.001,400ppm,0.00,26.11 °C,1.74,94.73 KPa,2.67,40.71 %,1.32,12946.86 Kohms,27.19,38.20 ppb,0.125,28.33 %,0.92,25.62 °C,2.12,1.97,0.18,0.46,0.18,24.35 °C,1.69,94.71 KPa,2.67,32.48 %,1.06,66.77 Kohms,0.14,30278,0
17-07-2025 11:34:27,1.0,1.8,2.02,3.09,0.39,239 ppm,0.77,441 ppm,1.42,129 ppm,0.42,93 ppm,0.30,20 ppb,0.001,400ppm,0.00,26.11 °C,1.74,94.73 KPa,2.67,40.72 %,1.32,12946.86 Kohms,27.19,38.20 ppb,0.125,28.33 %,0.92,25.64 °C,2.12,1.54,0.18,0.46,0.18,24.34 °C,1.69,94.71 KPa,2.67,32.47 %,1.06,66.88 Kohms,0.14,30263,0
17-07-2025 11:34:32,1.0,2.1,2.03,3.07,0.36,240 ppm,0.77,441 ppm,1.42,129 ppm,0.42,93 ppm,0.30,18 ppb,0.000,400ppm,0.00,26.10 °C,1.74,94.73 KPa,2.67,40.71 %,1.32,12946.86 Kohms,27.19,38.40 ppb,0.125,28.33 %,0.92,25.64 °C,2.12,1.19,0.18,0.46,0.18,24.34 °C,1.69,94.71 KPa,2.67,32.45 %,1.06,67.04 Kohms,0.14,30278,0
17-07-2025 11:34:37,1.0,1.79,2.0,3.07,0.36,239 ppm,0.77,441 ppm,1.42,129 ppm,0.42,93 ppm,0.30,18 ppb,0.000,400ppm,0.00,26.11 °C,1.74,94.73 KPa,2.67,40.71 %,1.32,12946.86 Kohms,27.19,38.40 ppb,0.125,28.33 %,0.92,25.65 °C,2.12,1.32,0.19,0.47,0.19,24.35 °C,1.69,94.71 KPa,2.67,32.43 %,1.06,66.98 Kohms,0.14,30278,0
17-07-2025 11:34:42,1.0,2.08,2.01,3.07,0.39,239 ppm,0.77,442 ppm,1.43,129 ppm,0.42,93 ppm,0.30,23 ppb,0.001,400ppm,0.00,26.11 °C,1.74,94.73 KPa,2.67,40.72 %,1.32,12946.86 Kohms,27.19,38.60 ppb,0.125,28.32 %,0.92,25.62 °C,2.12,1.81,0.18,0.46,0.18,24.35 °C,1.69,94.71 KPa,2.67,32.39 %,1.06,67.04 Kohms,0.14,30274,0
17-07-2025 11:34:47,1.0,1.77,2.03,3.1,0.39,240 ppm,0.77,441 ppm,1.42,129 ppm,0.42,93 ppm,0.30,25 ppb,0.001,400ppm,0.00,26.10 °C,1.74,94.73 KPa,2.67,40.72 %,1.32,12946.86 Kohms,27.19,38.40 ppb,0.125,28.33 %,0.92,25.64 °C,2.12,1.22,0.18,0.47,0.18,24.37 °C,1.69,94.71 KPa,2.67,32.49 %,1.06,66.98 Kohms,0.14,30252,0
17-07-2025 11:34:52,1.0,2.1,2.01,3.06,0.39,240 ppm,0.77,442 ppm,1.43,129 ppm,0.42,93 ppm,0.30,17 ppb,0.000,400ppm,0.00,26.11 °C,1.74,94.73 KPa,2.67,40.71 %,1.32,12946.86 Kohms,27.19,38.60 ppb,0.125,28.32 %,0.92,25.66 °C,2.12,1.31,0.18,0.46,0.18,24.36 °C,1.69,94.71 KPa,2.67,32.47 %,1.06,66.98 Kohms,0.14,30256,0
17-07-2025 11:34:57,1.0,1.84,2.03,3.07,0.36,239 ppm,0.77,441 ppm,1.42,129 ppm,0.42,93 ppm,0.30,23 ppb,0.001,400ppm,0.00,26.11 °C,1.74,94.73 KPa,2.67,40.72 %,1.32,12946.86 Kohms,27.19,38.40 ppb,0.125,28.33 %,0.92,25.64 °C,2.12,1.86,0.18,0.47,0.18,24.37 °C,1.69,94.72 KPa,2.67,32.46 %,1.06,66.88 Kohms,0.14,30255,0
17-07-2025 11:35:02,1.0,2.07,2.0,3.07,0.36,240 ppm,0.77,441 ppm,1.42,129 ppm,0.42,93 ppm,0.30,23 ppb,0.001,400ppm,0.00,26.11 °C,1.74,94.73 KPa,2.67,40.72 %,1.32,12946.86 Kohms,27.19,38.40 ppb,0.125,28.34 %,0.92,25.65 °C,2.12,1.88,0.18,0.47,0.18,24.37 °C,1.69,94.71 KPa,2.67,32.47 %,1.06,66.93 Kohms,0.14,30242,0
17-07-2025 11:35:07,1.0,1.82,2.01,3.1,0.4,239 ppm,0.77,441 ppm,1.42,129 ppm,0.42,94 ppm,0.30,21 ppb,0.001,400ppm,0.00,26.11 °C,1.74,94.73 KPa,2.67,40.72 %,1.32,12946.86 Kohms,27.19,38.60 ppb,0.125,28.33 %,0.92,25.65 °C,2.12,1.29,0.19,0.46,0.18,24.37 °C,1.69,94.71 KPa,2.67,32.48 %,1.06,66.98 Kohms,0.14,30245,0
17-07-2025 11:35:12,1.0,2.11,2.01,3.08,0.39,240 ppm,0.77,441 ppm,1.42,129 ppm,0.42,93 ppm,0.30,18 ppb,0.000,400ppm,0.00,26.11 °C,1.74,94.73 KPa,2.67,40.72 %,1.32,12946.86 Kohms,27.19,38.60 ppb,0.125,28.33 %,0.92,25.64 °C,2.12,1.25,0.18,0.47,0.19,24.37 °C,1.69,94.71 KPa,2.67,32.50 %,1.06,66.98 Kohms,0.14,30252,0
17-07-2025 11:35:17,1.0,1.77,2.02,3.1,0.36,240 ppm,0.77,442 ppm,1.43,129 ppm,0.42,93 ppm,0.30,20 ppb,0.001,400ppm,0.00,26.11 °C,1.74,94.73 KPa,2.67,40.71 %,1.32,12946.86 Kohms,27.19,38.40 ppb,0.125,28.32 %,0.92,25.65 °C,2.12,1.87,0.19,0.46,0.18,24.37 °C,1.69,94.71 KPa,2.67,32.50 %,1.06,66.88 Kohms,0.14,30254,0
17-07-2025 11:35:22,1.0,2.08,2.01,3.07,0.39,239 ppm,0.77,441 ppm,1.42,129 ppm,0.42,93 ppm,0.30,26 ppb,0.001,404ppm,0.00,26.11 °C,1.74,94.73 KPa,2.67,40.70 %,1.32,12946.86 Kohms,27.19,38.40 ppb,0.125,28.33 %,0.92,25.64 °C,2.12,1.84,0.18,0.46,0.18,24.37 °C,1.69,94.71 KPa,2.67,32.50 %,1.06,66.93 Kohms,0.14,30254,0
17-07-2025 11:35:27,1.0,1.78,2.01,3.08,0.38,240 ppm,0.77,441 ppm,1.42,129 ppm,0.42,94 ppm,0.30,22 ppb,0.001,400ppm,0.00,26.11 °C,1.74,94.73 KPa,2.67,40.71 %,1.32,12946.86 Kohms,27.19,38.40 ppb,0.125,28.33 %,0.92,25.65 °C,2.12,1.36,0.19,0.47,0.18,24.37 °C,1.69,94.71 KPa,2.67,32.46 %,1.06,66.98 Kohms,0.14,30247,0
17-07-2025 11:35:32,1.0,2.07,2.02,3.08,0.37,240 ppm,0.77,441 ppm,1.42,129 ppm,0.42,94 ppm,0.30,20 ppb,0.001,402ppm,0.00,26.11 °C,1.74,94.73 KPa,2.67,40.72 %,1.32,12946.86 Kohms,27.19,38.40 ppb,0.125,28.33 %,0.92,25.64 °C,2.12,1.16,0.18,0.47,0.19,24.37 °C,1.69,94.71 KPa,2.67,32.45 %,1.06,66.82 Kohms,0.14,30237,0
17-07-2025 11:35:37,1.0,1.88,2.01,3.09,0.39,240 ppm,0.77,441 ppm,1.42,129 ppm,0.42,93 ppm,0.30,22 ppb,0.001,401ppm,0.00,26.11 °C,1.74,94.73 KPa,2.67,40.72 %,1.32,12946.86 Kohms,27.19,38.60 ppb,0.125,28.33 %,0.92,25.64 °C,2.12,1.51,0.18,0.46,0.18,24.37 °C,1.69,94.71 KPa,2.67,32.39 %,1.06,67.09 Kohms,0.14,30234,0
17-07-2025 11:35:42,1.0,1.87,2.04,3.12,0.36,239 ppm,0.77,441 ppm,1.42,129 ppm,0.42,93 ppm,0.30,22 ppb,0.001,400ppm,0.00,26.12 °C,1.74,94.73 KPa,2.67,40.72 %,1.32,12946.86 Kohms,27.19,38.60 ppb,0.125,28.32 %,0.92,25.66 °C,2.12,1.94,0.18,0.46,0.18,24.38 °C,1.69,94.71 KPa,2.67,32.37 %,1.06,67.20 Kohms,0.14,30238,0
17-07-2025 11:35:47,1.0,2.09,2.03,3.12,0.37,239 ppm,0.77,441 ppm,1.42,128 ppm,0.41,93 ppm,0.30,22 ppb,0.001,408ppm,0.00,26.11 °C,1.74,94.73 KPa,2.67,40.72 %,1.32,12946.86 Kohms,27.19,38.80 ppb,0.125,28.31 %,0.92,25.66 °C,2.12,1.73,0.18,0.46,0.18,24.37 °C,1.69,94.71 KPa,2.67,32.36 %,1.06,67.15 Kohms,0.14,30241,0
17-07-2025 11:35:52,1.0,1.77,2.03,3.1,0.39,240 ppm,0.77,441 ppm,1.42,129 ppm,0.42,94 ppm,0.30,21 ppb,0.001,400ppm,0.00,26.12 °C,1.74,94.73 KPa,2.67,40.70 %,1.32,12946.86 Kohms,27.19,38.80 ppb,0.125,28.31 %,0.92,25.65 °C,2.12,1.25,0.18,0.46,0.18,24.37 °C,1.69,94.71 KPa,2.67,32.36 %,1.06,67.25 Kohms,0.14,30240,0
17-07-2025 11:35:57,1.0,2.11,2.01,3.1,0.36,239 ppm,0.77,441 ppm,1.42,129 ppm,0.42,94 ppm,0.30,23 ppb,0.001,400ppm,0.00,26.12 °C,1.74,94.73 KPa,2.67,40.70 %,1.32,12946.86 Kohms,27.19,38.80 ppb,0.125,28.32 %,0.92,25.64 °C,2.12,1.23,0.19,0.46,0.18,24.37 °C,1.69,94.71 KPa,2.67,32.35 %,1.06,67.15 Kohms,0.14,30237,0
17-07-2025 11:36:02,1.0,1.8,2.04,3.11,0.38,239 ppm,0.77,441 ppm,1.42,129 ppm,0.42,94 ppm,0.30,17 ppb,0.000,403ppm,0.00,26.11 °C,1.74,94.73 KPa,2.67,40.70 %,1.32,12946.86 Kohms,27.19,38.80 ppb,0.125,28.31 %,0.92,25.65 °C,2.12,1.75,0.18,0.46,0.18,24.37 °C,1.69,94.71 KPa,2.67,32.36 %,1.06,67.15 Kohms,0.14,30232,0
17-07-2025 11:36:07,1.0,2.08,2.03,3.11,0.36,240 ppm,0.77,441 ppm,1.42,129 ppm,0.42,94 ppm,0.30,19 ppb,0.001,400ppm,0.00,26.11 °C,1.74,94.73 KPa,2.67,40.69 %,1.32,12946.86 Kohms,27.19,38.80 ppb,0.125,28.31 %,0.92,25.66 °C,2.12,1.95,0.18,0.47,0.19,24.37 °C,1.69,94.71 KPa,2.67,32.37 %,1.06,67.04 Kohms,0.14,30244,0
17-07-2025 11:36:12,1.0,1.79,2.04,3.14,0.39,239 ppm,0.77,441 ppm,1.42,129 ppm,0.42,94 ppm,0.30,25 ppb,0.001,409ppm,0.00,26.12 °C,1.74,94.73 KPa,2.67,40.71 %,1.32,12946.86 Kohms,27.19,38.80 ppb,0.125,28.30 %,0.92,25.64 °C,2.12,1.47,0.18,0.46,0.18,24.37 °C,1.69,94.71 KPa,2.67,32.39 %,1.06,67.04 Kohms,0.14,30245,0
17-07-2025 11:36:17,1.0,2.05,2.02,3.11,0.36,240 ppm,0.77,441 ppm,1.42,129 ppm,0.42,94 ppm,0.30,17 ppb,0.000,400ppm,0.00,26.11 °C,1.74,94.73 KPa,2.67,40.71 %,1.32,12946.86 Kohms,27.19,38.60 ppb,0.125,28.31 %,0.92,25.65 °C,2.12,1.15,0.18,0.47,0.19,24.37 °C,1.69,94.71 KPa,2.67,32.40 %,1.06,66.98 Kohms,0.14,30229,0
17-07-2025 11:36:22,1.0,1.85,2.02,3.14,0.37,239 ppm,0.77,440 ppm,1.42,129 ppm,0.42,94 ppm,0.30,20 ppb,0.001,400ppm,0.00,26.11 °C,1.74,94.73 KPa,2.67,40.71 %,1.32,12946.86 Kohms,27.19,38.60 ppb,0.125,28.31 %,0.92,25.63 °C,2.12,1.51,0.18,0.46,0.18,24.37 °C,1.69,94.71 KPa,2.67,32.42 %,1.06,66.93 Kohms,0.14,30240,0
17-07-2025 11:36:27,1.0,2.0,2.02,3.12,0.39,239 ppm,0.77,441 ppm,1.42,129 ppm,0.42,94 ppm,0.30,24 ppb,0.001,400ppm,0.00,26.11 °C,1.74,94.73 KPa,2.67,40.71 %,1.32,12946.86 Kohms,27.19,38.80 ppb,0.125,28.31 %,0.92,25.66 °C,2.12,1.91,0.18,0.46,0.18,24.38 °C,1.69,94.71 KPa,2.67,32.44 %,1.06,67.04 Kohms,0.14,30238,0
17-07-2025 11:36:32,1.0,1.84,2.02,3.11,0.37,240 ppm,0.77,441 ppm,1.42,129 ppm,0.42,94 ppm,0.30,22 ppb,0.001,407ppm,0.00,26.12 °C,1.74,94.73 KPa,2.67,40.71 %,1.32,12946.86 Kohms,27.19,39.00 ppb,0.128,28.30 %,0.92,25.67 °C,2.12,1.88,0.18,0.46,0.18,24.37 °C,1.69,94.71 KPa,2.67,32.45 %,1.06,66.98 Kohms,0.14,30229,0
17-07-2025 11:36:37,1.0,1.93,2.04,3.12,0.36,239 ppm,0.77,441 ppm,1.42,129 ppm,0.42,94 ppm,0.30,20 ppb,0.001,400ppm,0.00,26.12 °C,1.74,94.73 KPa,2.67,40.72 %,1.32,12946.86 Kohms,27.19,39.00 ppb,0.128,28.29 %,0.92,25.65 °C,2.12,1.47,0.17,0.46,0.18,24.38 °C,1.69,94.71 KPa,2.67,32.47 %,1.06,66.88 Kohms,0.14,30236,0
17-07-2025 11:36:42,1.0,1.91,2.04,3.14,0.36,239 ppm,0.77,441 ppm,1.42,129 ppm,0.42,94 ppm,0.30,21 ppb,0.001,403ppm,0.00,26.11 °C,1.74,94.73 KPa,2.67,40.70 %,1.32,12946.86 Kohms,27.19,38.60 ppb,0.125,28.31 %,0.92,25.65 °C,2.12,1.23,0.18,0.46,0.18,24.37 °C,1.69,94.71 KPa,2.67,32.50 %,1.06,66.98 Kohms,0.14,30239,0
17-07-2025 11:36:47,1.0,1.94,2.02,3.11,0.39,239 ppm,0.77,441 ppm,1.42,129 ppm,0.42,94 ppm,0.30,18 ppb,0.000,400ppm,0.00,26.12 °C,1.74,94.73 KPa,2.67,40.72 %,1.32,12946.86 Kohms,27.19,38.60 ppb,0.125,28.29 %,0.92,25.66 °C,2.12,1.2,0.18,0.47,0.18,24.37 °C,1.69,94.71 KPa,2.67,32.51 %,1.06,66.82 Kohms,0.14,30229,0
17-07-2025 11:36:52,1.0,1.93,2.02,3.12,0.36,240 ppm,0.77,441 ppm,1.42,128 ppm,0.41,93 ppm,0.30,22 ppb,0.001,404ppm,0.00,26.12 °C,1.74,94.73 KPa,2.67,40.72 %,1.32,12946.86 Kohms,27.19,38.20 ppb,0.125,28.29 %,0.92,25.66 °C,2.12,1.62,0.18,0.46,0.18,24.38 °C,1.69,94.71 KPa,2.67,32.53 %,1.06,66.88 Kohms,0.14,30242,0
17-07-2025 11:36:57,1.0,1.92,2.04,3.11,0.39,240 ppm,0.77,441 ppm,1.42,129 ppm,0.42,93 ppm,0.30,20 ppb,0.001,400ppm,0.00,26.12 °C,1.74,94.73 KPa,2.67,40.69 %,1.32,12946.86 Kohms,27.19,38.20 ppb,0.125,28.30 %,0.92,25.65 °C,2.12,1.92,0.18,0.46,0.18,24.39 °C,1.69,94.71 KPa,2.67,32.54 %,1.06,66.82 Kohms,0.14,30230,0
17-07-2025 11:37:02,1.0,2.01,2.04,3.14,0.39,239 ppm,0.77,441 ppm,1.42,129 ppm,0.42,94 ppm,0.30,19 ppb,0.001,401ppm,0.00,26.12 °C,1.74,94.73 KPa,2.67,40.72 %,1.32,12946.86 Kohms,27.19,38.40 ppb,0.125,28.31 %,0.92,25.67 °C,2.12,1.9,0.19,0.46,0.18,24.38 °C,1.69,94.71 KPa,2.67,32.55 %,1.06,66.88 Kohms,0.14,30247,0
17-07-2025 11:37:07,1.0,1.93,2.04,3.12,0.36,239 ppm,0.77,441 ppm,1.42,129 ppm,0.42,93 ppm,0.30,27 ppb,0.001,400ppm,0.00,26.12 °C,1.74,94.73 KPa,2.67,40.71 %,1.32,12946.86 Kohms,27.19,38.80 ppb,0.125,28.31 %,0.92,25.66 °C,2.12,1.77,0.18,0.46,0.18,24.40 °C,1.69,94.71 KPa,2.67,32.49 %,1.06,66.98 Kohms,0.14,30239,0
17-07-2025 11:37:12,1.0,2.03,2.01,3.13,0.39,239 ppm,0.77,441 ppm,1.42,129 ppm,0.42,93 ppm,0.30,19 ppb,0.001,400ppm,0.00,26.12 °C,1.74,94.73 KPa,2.67,40.73 %,1.32,12946.86 Kohms,27.19,38.80 ppb,0.125,28.32 %,0.92,25.66 °C,2.12,1.96,0.18,0.47,0.19,24.40 °C,1.69,94.71 KPa,2.67,32.40 %,1.06,67.20 Kohms,0.14,30202,0
17-07-2025 11:37:17,1.0,1.87,2.04,3.11,0.37,240 ppm,0.77,442 ppm,1.43,129 ppm,0.42,93 ppm,0.30,26 ppb,0.001,410ppm,0.00,26.13 °C,1.74,94.73 KPa,2.67,40.72 %,1.32,12946.86 Kohms,27.19,38.80 ppb,0.125,28.31 %,0.92,25.65 °C,2.12,1.84,0.18,0.47,0.19,24.40 °C,1.69,94.71 KPa,2.67,32.31 %,1.06,67.25 Kohms,0.14,30215,0
17-07-2025 11:37:22,1.0,1.82,2.02,3.12,0.36,239 ppm,0.77,441 ppm,1.42,129 ppm,0.42,93 ppm,0.30,27 ppb,0.001,402ppm,0.00,26.12 °C,1.74,94.73 KPa,2.67,40.72 %,1.32,12946.86 Kohms,27.19,38.60 ppb,0.125,28.32 %,0.92,25.66 °C,2.12,1.52,0.18,0.46,0.18,24.39 °C,1.69,94.71 KPa,2.67,32.19 %,1.06,67.58 Kohms,0.14,30223,0
17-07-2025 11:49:18,2.0,1.91,2.08,3.38,0.42,244 ppm,0.79,443 ppm,1.43,130 ppm,0.42,92 ppm,0.30,73 ppb,0.004,400ppm,0.00,26.49 °C,1.74,94.70 KPa,2.67,40.34 %,1.32,12946.86 Kohms,27.19,39.20 ppb,0.128,28.11 %,0.92,25.86 °C,2.12,1.78,0.19,0.47,0.18,24.49 °C,1.69,94.68 KPa,2.67,31.18 %,1.02,0.00 Kohms,0.00,30137,0
17-07-2025 11:49:23,2.0,2.06,2.08,3.4,0.39,245 ppm,0.79,443 ppm,1.43,130 ppm,0.42,92 ppm,0.30,71 ppb,0.003,400ppm,0.00,26.48 °C,1.74,94.70 KPa,2.67,40.29 %,1.32,12946.86 Kohms,27.19,39.20 ppb,0.128,28.10 %,0.92,25.86 °C,2.12,1.27,0.18,0.47,0.18,24.49 °C,1.69,94.68 KPa,2.67,31.10 %,1.02,64.76 Kohms,0.14,30196,0
17-07-2025 11:49:28,2.0,1.89,2.08,3.38,0.41,245 ppm,0.79,443 ppm,1.43,130 ppm,0.42,92 ppm,0.30,68 ppb,0.003,400ppm,0.00,26.48 °C,1.74,94.70 KPa,2.67,40.30 %,1.32,12946.86 Kohms,27.19,39.20 ppb,0.128,28.10 %,0.92,25.86 °C,2.12,1.36,0.18,0.46,0.19,24.52 °C,1.69,94.68 KPa,2.67,30.98 %,0.99,63.34 Kohms,0.13,30210,0
17-07-2025 11:49:33,2.0,1.9,2.1,3.43,0.39,245 ppm,0.79,444 ppm,1.43,130 ppm,0.42,92 ppm,0.30,72 ppb,0.003,400ppm,0.00,26.49 °C,1.74,94.70 KPa,2.67,40.26 %,1.32,12946.86 Kohms,27.19,39.40 ppb,0.128,28.09 %,0.92,25.87 °C,2.12,1.66,0.19,0.47,0.18,24.53 °C,1.69,94.68 KPa,2.67,30.87 %,0.99,65.16 Kohms,0.14,30237,0
17-07-2025 11:49:38,2.0,2.06,2.1,3.43,0.41,245 ppm,0.79,443 ppm,1.43,131 ppm,0.42,92 ppm,0.30,75 ppb,0.004,400ppm,0.00,26.49 °C,1.74,94.70 KPa,2.67,40.22 %,1.32,12946.86 Kohms,27.19,40.00 ppb,0.132,28.06 %,0.92,25.87 °C,2.12,1.91,0.18,0.46,0.18,24.53 °C,1.69,94.68 KPa,2.67,30.76 %,0.99,65.88 Kohms,0.14,30252,0
17-07-2025 11:49:43,2.0,1.81,2.09,3.41,0.39,245 ppm,0.79,444 ppm,1.43,131 ppm,0.42,91 ppm,0.29,73 ppb,0.004,400ppm,0.00,26.48 °C,1.74,94.70 KPa,2.67,40.21 %,1.32,12946.86 Kohms,27.19,40.40 ppb,0.132,28.06 %,0.92,25.87 °C,2.12,1.89,0.18,0.46,0.18,24.54 °C,1.69,94.68 KPa,2.67,30.66 %,0.99,66.66 Kohms,0.14,30260,0
17-07-2025 11:49:48,2.0,2.11,2.1,3.42,0.38,246 ppm,0.79,444 ppm,1.43,131 ppm,0.42,91 ppm,0.29,70 ppb,0.003,400ppm,0.00,26.49 °C,1.74,94.70 KPa,2.67,40.16 %,1.32,12946.86 Kohms,27.19,40.80 ppb,0.132,28.04 %,0.92,25.85 °C,2.12,1.52,0.18,0.47,0.19,24.54 °C,1.69,94.68 KPa,2.67,30.58 %,0.99,67.25 Kohms,0.14,30271,0
17-07-2025 11:49:53,2.0,1.79,2.1,3.46,0.39,245 ppm,0.79,444 ppm,1.43,130 ppm,0.42,91 ppm,0.29,77 ppb,0.004,400ppm,0.00,26.49 °C,1.74,94.70 KPa,2.67,40.13 %,1.32,12946.86 Kohms,27.19,41.00 ppb,0.135,28.00 %,0.92,25.86 °C,2.12,1.22,0.19,0.46,0.18,24.54 °C,1.69,94.68 KPa,2.67,30.52 %,0.99,67.85 Kohms,0.14,30277,0
17-07-2025 11:49:58,2.0,2.1,2.09,3.48,0.38,246 ppm,0.79,444 ppm,1.43,131 ppm,0.42,91 ppm,0.29,75 ppb,0.004,400ppm,0.00,26.50 °C,1.74,94.70 KPa,2.67,40.06 %,1.32,12946.86 Kohms,27.19,41.00 ppb,0.135,27.99 %,0.89,25.89 °C,2.12,1.26,0.18,0.47,0.18,24.54 °C,1.69,94.68 KPa,2.67,30.44 %,0.99,68.02 Kohms,0.14,30281,0
17-07-2025 11:50:03,2.0,1.9,2.1,3.48,0.39,246 ppm,0.79,444 ppm,1.43,131 ppm,0.42,91 ppm,0.29,75 ppb,0.004,400ppm,0.00,26.50 °C,1.74,94.70 KPa,2.67,40.02 %,1.32,12946.86 Kohms,27.19,41.20 ppb,0.135,27.95 %,0.89,25.87 °C,2.12,1.67,0.18,0.47,0.19,24.54 °C,1.69,94.68 KPa,2.67,30.38 %,0.99,68.63 Kohms,0.14,30294,0
17-07-2025 11:50:08,2.0,1.9,2.09,3.46,0.4,246 ppm,0.79,444 ppm,1.43,131 ppm,0.42,91 ppm,0.29,75 ppb,0.004,400ppm,0.00,26.50 °C,1.74,94.70 KPa,2.67,39.99 %,1.29,12946.86 Kohms,27.19,41.20 ppb,0.135,27.94 %,0.89,25.87 °C,2.12,1.91,0.18,0.47,0.18,24.54 °C,1.69,94.68 KPa,2.67,30.33 %,0.99,68.97 Kohms,0.14,30297,0
17-07-2025 11:50:13,2.0,2.07,2.1,3.5,0.42,246 ppm,0.79,444 ppm,1.43,132 ppm,0.43,91 ppm,0.29,79 ppb,0.004,400ppm,0.00,26.50 °C,1.74,94.70 KPa,2.67,39.93 %,1.29,12946.86 Kohms,27.19,41.40 ppb,0.135,27.91 %,0.89,25.87 °C,2.12,1.9,0.18,0.46,0.18,24.55 °C,1.69,94.68 KPa,2.67,30.28 %,0.99,69.03 Kohms,0.14,30328,0
17-07-2025 11:50:18,2.0,1.78,2.07,3.51,0.38,247 ppm,0.80,445 ppm,1.44,131 ppm,0.42,91 ppm,0.29,75 ppb,0.004,400ppm,0.00,26.50 °C,1.74,94.70 KPa,2.67,39.90 %,1.29,12946.86 Kohms,27.19,41.40 ppb,0.135,27.88 %,0.89,25.86 °C,2.12,1.67,0.18,0.46,0.18,24.54 °C,1.69,94.68 KPa,2.67,30.25 %,0.99,69.54 Kohms,0.15,30323,0
17-07-2025 11:50:23,2.0,2.08,2.1,3.49,0.38,247 ppm,0.80,444 ppm,1.43,131 ppm,0.42,91 ppm,0.29,77 ppb,0.004,400ppm,0.00,26.50 °C,1.74,94.70 KPa,2.67,39.83 %,1.29,12946.86 Kohms,27.19,41.40 ppb,0.135,27.85 %,0.89,25.88 °C,2.12,1.36,0.19,0.46,0.18,24.55 °C,1.69,94.68 KPa,2.67,30.18 %,0.99,69.60 Kohms,0.15,30341,0
17-07-2025 11:50:28,2.0,1.86,2.08,3.53,0.39,247 ppm,0.80,444 ppm,1.43,131 ppm,0.42,91 ppm,0.29,74 ppb,0.004,400ppm,0.00,26.50 °C,1.74,94.70 KPa,2.67,39.77 %,1.29,12946.86 Kohms,27.19,41.60 ppb,0.135,27.82 %,0.89,25.86 °C,2.12,1.18,0.18,0.46,0.18,24.54 °C,1.69,94.68 KPa,2.67,30.15 %,0.99,69.95 Kohms,0.15,30348,0
17-07-2025 11:50:33,2.0,1.95,2.09,3.5,0.39,247 ppm,0.80,445 ppm,1.44,131 ppm,0.42,91 ppm,0.29,77 ppb,0.004,400ppm,0.00,26.51 °C,1.74,94.70 KPa,2.67,39.75 %,1.29,12946.86 Kohms,27.19,41.60 ppb,0.135,27.80 %,0.89,25.90 °C,2.12,1.36,0.18,0.46,0.19,24.55 °C,1.69,94.68 KPa,2.67,30.12 %,0.99,70.07 Kohms,0.15,30364,0
17-07-2025 11:50:38,2.0,2.05,2.07,3.54,0.39,247 ppm,0.80,445 ppm,1.44,131 ppm,0.42,92 ppm,0.30,78 ppb,0.004,400ppm,0.00,26.51 °C,1.74,94.70 KPa,2.67,39.70 %,1.29,12946.86 Kohms,27.19,41.60 ppb,0.135,27.77 %,0.89,25.86 °C,2.12,1.76,0.18,0.46,0.19,24.55 °C,1.69,94.68 KPa,2.67,30.07 %,0.99,70.66 Kohms,0.15,30383,0
17-07-2025 11:50:43,2.0,1.82,2.07,3.55,0.41,247 ppm,0.80,445 ppm,1.44,132 ppm,0.43,92 ppm,0.30,81 ppb,0.004,400ppm,0.00,26.50 °C,1.74,94.70 KPa,2.67,39.65 %,1.29,12946.86 Kohms,27.19,41.80 ppb,0.135,27.75 %,0.89,25.87 °C,2.12,1.92,0.18,0.46,0.18,24.54 °C,1.69,94.68 KPa,2.67,30.02 %,0.99,70.42 Kohms,0.15,30388,0
17-07-2025 11:50:48,2.0,2.11,2.08,3.54,0.42,247 ppm,0.80,445 ppm,1.44,131 ppm,0.42,92 ppm,0.30,87 ppb,0.004,400ppm,0.00,26.51 °C,1.74,94.70 KPa,2.67,39.61 %,1.29,12946.86 Kohms,27.19,41.80 ppb,0.135,27.72 %,0.89,25.87 °C,2.12,1.87,0.18,0.46,0.19,24.54 °C,1.69,94.68 KPa,2.67,29.97 %,0.96,70.66 Kohms,0.15,30389,0
17-07-2025 11:50:53,2.0,1.79,2.07,3.54,0.38,247 ppm,0.80,444 ppm,1.43,131 ppm,0.42,93 ppm,0.30,82 ppb,0.004,400ppm,0.00,26.51 °C,1.74,94.70 KPa,2.67,39.57 %,1.29,12946.86 Kohms,27.19,41.80 ppb,0.135,27.69 %,0.89,25.89 °C,2.12,1.54,0.19,0.46,0.18,24.55 °C,1.69,94.68 KPa,2.67,29.95 %,0.96,70.72 Kohms,0.15,30405,0
17-07-2025 11:50:58,2.0,2.08,2.08,3.55,0.39,248 ppm,0.80,445 ppm,1.44,132 ppm,0.43,94 ppm,0.30,89 ppb,0.004,400ppm,0.00,26.51 °C,1.74,94.70 KPa,2.67,39.53 %,1.29,12946.86 Kohms,27.19,42.00 ppb,0.138,27.66 %,0.89,25.87 °C,2.12,1.26,0.18,0.46,0.18,24.54 °C,1.69,94.68 KPa,2.67,29.94 %,0.96,70.84 Kohms,0.15,30416,0
17-07-2025 11:51:03,2.0,1.94,2.09,3.57,0.39,248 ppm,0.80,445 ppm,1.44,131 ppm,0.42,94 ppm,0.30,91 ppb,0.005,400ppm,0.00,26.51 °C,1.74,94.70 KPa,2.67,39.47 %,1.29,12946.86 Kohms,27.19,42.00 ppb,0.138,27.65 %,0.89,25.86 °C,2.12,1.18,0.18,0.46,0.19,24.54 °C,1.69,94.68 KPa,2.67,29.88 %,0.96,70.96 Kohms,0.15,30407,0
17-07-2025 11:51:08,2.0,1.87,2.08,3.56,0.42,248 ppm,0.80,445 ppm,1.44,132 ppm,0.43,94 ppm,0.30,91 ppb,0.005,400ppm,0.00,26.51 °C,1.74,94.70 KPa,2.67,39.42 %,1.29,12946.86 Kohms,27.19,42.00 ppb,0.138,27.63 %,0.89,25.86 °C,2.12,1.3,0.18,0.46,0.19,24.55 °C,1.69,94.68 KPa,2.67,29.86 %,0.96,71.20 Kohms,0.15,30442,0
17-07-2025 11:51:13,2.0,2.07,2.08,3.58,0.4,248 ppm,0.80,445 ppm,1.44,132 ppm,0.43,95 ppm,0.31,91 ppb,0.005,400ppm,0.00,26.52 °C,1.74,94.70 KPa,2.67,39.40 %,1.29,12946.86 Kohms,27.19,42.00 ppb,0.138,27.60 %,0.89,25.87 °C,2.12,1.51,0.18,0.46,0.18,24.55 °C,1.69,94.68 KPa,2.67,29.85 %,0.96,71.38 Kohms,0.15,30434,0
17-07-2025 11:51:18,2.0,1.8,2.09,3.57,0.39,248 ppm,0.80,445 ppm,1.44,132 ppm,0.43,95 ppm,0.31,95 ppb,0.005,402ppm,0.00,26.51 °C,1.74,94.70 KPa,2.67,39.34 %,1.29,12946.86 Kohms,27.19,42.20 ppb,0.138,27.58 %,0.89,25.89 °C,2.12,1.67,0.18,0.46,0.18,24.55 °C,1.69,94.68 KPa,2.67,29.83 %,0.96,71.56 Kohms,0.15,30454,0
17-07-2025 11:51:23,2.0,2.11,2.08,3.61,0.41,248 ppm,0.80,445 ppm,1.44,132 ppm,0.43,95 ppm,0.31,99 ppb,0.005,417ppm,0.00,26.52 °C,1.74,94.70 KPa,2.67,39.30 %,1.29,12946.86 Kohms,27.19,42.20 ppb,0.138,27.56 %,0.89,25.89 °C,2.12,1.82,0.19,0.46,0.18,24.54 °C,1.69,94.68 KPa,2.67,29.81 %,0.96,71.62 Kohms,0.15,30466,0
17-07-2025 11:51:28,2.0,1.8,2.07,3.59,0.42,248 ppm,0.80,445 ppm,1.44,132 ppm,0.43,96 ppm,0.31,93 ppb,0.005,413ppm,0.00,26.52 °C,1.74,94.70 KPa,2.67,39.26 %,1.29,12946.86 Kohms,27.19,42.20 ppb,0.138,27.53 %,0.89,25.87 °C,2.12,1.92,0.17,0.46,0.19,24.55 °C,1.69,94.68 KPa,2.67,29.80 %,0.96,71.69 Kohms,0.15,30462,0
17-07-2025 11:51:33,2.0,2.02,2.08,3.61,0.39,248 ppm,0.80,445 ppm,1.44,132 ppm,0.43,96 ppm,0.31,101 ppb,0.005,423ppm,0.00,26.52 °C,1.74,94.70 KPa,2.67,39.23 %,1.29,12946.86 Kohms,27.19,42.40 ppb,0.138,27.51 %,0.89,25.89 °C,2.12,1.87,0.18,0.45,0.18,24.54 °C,1.69,94.68 KPa,2.67,29.78 %,0.96,71.69 Kohms,0.15,30472,0
17-07-2025 11:51:38,2.0,1.99,2.08,3.6,0.42,248 ppm,0.80,445 ppm,1.44,132 ppm,0.43,97 ppm,0.31,96 ppb,0.005,424ppm,0.00,26.52 °C,1.74,94.70 KPa,2.67,39.20 %,1.29,12946.86 Kohms,27.19,42.40 ppb,0.138,27.49 %,0.89,25.88 °C,2.12,1.59,0.18,0.46,0.19,24.54 °C,1.69,94.68 KPa,2.67,29.78 %,0.96,71.69 Kohms,0.15,30483,0
17-07-2025 11:51:43,2.0,1.82,2.07,3.61,0.38,248 ppm,0.80,444 ppm,1.43,132 ppm,0.43,97 ppm,0.31,98 ppb,0.005,437ppm,0.00,26.53 °C,1.74,94.70 KPa,2.67,39.16 %,1.29,12946.86 Kohms,27.19,42.40 ppb,0.138,27.46 %,0.89,25.87 °C,2.12,1.35,0.18,0.45,0.18,24.54 °C,1.69,94.68 KPa,2.67,29.76 %,0.96,71.81 Kohms,0.15,30474,0
17-07-2025 11:51:48,2.0,2.1,2.06,3.64,0.4,248 ppm,0.80,445 ppm,1.44,132 ppm,0.43,98 ppm,0.32,99 ppb,0.005,441ppm,0.00,26.53 °C,1.74,94.70 KPa,2.67,39.13 %,1.29,12946.86 Kohms,27.19,42.60 ppb,0.138,27.45 %,0.89,25.90 °C,2.12,1.21,0.18,0.46,0.19,24.54 °C,1.69,94.68 KPa,2.67,29.75 %,0.96,72.12 Kohms,0.15,30490,0
17-07-2025 11:51:53,2.0,1.78,2.08,3.65,0.39,248 ppm,0.80,445 ppm,1.44,132 ppm,0.43,98 ppm,0.32,98 ppb,0.005,438ppm,0.00,26.53 °C,1.74,94.70 KPa,2.67,39.11 %,1.29,12946.86 Kohms,27.19,42.60 ppb,0.138,27.43 %,0.89,25.87 °C,2.12,1.24,0.18,0.46,0.18,24.54 °C,1.69,94.68 KPa,2.67,29.73 %,0.96,72.12 Kohms,0.15,30502,0
17-07-2025 11:51:58,2.0,2.08,2.06,3.63,0.4,248 ppm,0.80,444 ppm,1.43,132 ppm,0.43,98 ppm,0.32,100 ppb,0.005,447ppm,0.00,26.52 °C,1.74,94.70 KPa,2.67,39.07 %,1.29,12946.86 Kohms,27.19,42.80 ppb,0.138,27.41 %,0.89,25.89 °C,2.12,1.44,0.18,0.45,0.18,24.54 °C,1.69,94.68 KPa,2.67,29.72 %,0.96,72.24 Kohms,0.15,30501,0
17-07-2025 11:52:03,2.0,1.89,2.07,3.65,0.4,248 ppm,0.80,445 ppm,1.44,132 ppm,0.43,99 ppm,0.32,106 ppb,0.005,454ppm,0.00,26.52 °C,1.74,94.70 KPa,2.67,39.03 %,1.29,12946.86 Kohms,27.19,42.80 ppb,0.138,27.40 %,0.89,25.87 °C,2.12,1.71,0.18,0.46,0.18,24.54 °C,1.69,94.68 KPa,2.67,29.71 %,0.96,72.30 Kohms,0.15,30503,0
17-07-2025 11:52:08,2.0,1.96,2.07,3.68,0.41,248 ppm,0.80,445 ppm,1.44,132 ppm,0.43,99 ppm,0.32,102 ppb,0.005,461ppm,0.00,26.53 °C,1.74,94.70 KPa,2.67,39.03 %,1.29,12946.86 Kohms,27.19,42.80 ppb,0.138,27.38 %,0.89,25.89 °C,2.12,1.88,0.18,0.45,0.18,24.53 °C,1.69,94.68 KPa,2.67,29.72 %,0.96,72.43 Kohms,0.15,30527,0
17-07-2025 11:52:13,2.0,2.01,2.07,3.68,0.39,248 ppm,0.80,444 ppm,1.43,131 ppm,0.42,100 ppm,0.32,104 ppb,0.005,458ppm,0.00,26.53 °C,1.74,94.70 KPa,2.67,38.98 %,1.25,12946.86 Kohms,27.19,43.00 ppb,0.141,27.37 %,0.89,25.89 °C,2.12,1.94,0.18,0.45,0.18,24.54 °C,1.69,94.68 KPa,2.67,29.71 %,0.96,72.56 Kohms,0.15,30522,0
17-07-2025 11:52:18,2.0,1.83,2.07,3.65,0.41,248 ppm,0.80,444 ppm,1.43,132 ppm,0.43,100 ppm,0.32,106 ppb,0.005,467ppm,0.00,26.53 °C,1.74,94.70 KPa,2.67,38.97 %,1.25,12946.86 Kohms,27.19,43.00 ppb,0.141,27.34 %,0.89,25.89 °C,2.12,1.79,0.18,0.46,0.18,24.54 °C,1.69,94.68 KPa,2.67,29.68 %,0.96,72.43 Kohms,0.15,30543,0
17-07-2025 11:52:23,2.0,2.09,2.08,3.66,0.41,248 ppm,0.80,444 ppm,1.43,132 ppm,0.43,101 ppm,0.33,104 ppb,0.005,460ppm,0.00,26.53 °C,1.74,94.70 KPa,2.67,38.93 %,1.25,12946.86 Kohms,27.19,43.20 ppb,0.141,27.33 %,0.89,25.89 °C,2.12,1.42,0.18,0.45,0.18,24.54 °C,1.69,94.68 KPa,2.67,29.67 %,0.96,72.49 Kohms,0.15,30527,0
17-07-2025 11:52:28,2.0,1.78,2.08,3.67,0.42,248 ppm,0.80,444 ppm,1.43,131 ppm,0.42,100 ppm,0.32,105 ppb,0.005,477ppm,0.00,26.53 °C,1.74,94.70 KPa,2.67,38.92 %,1.25,12946.86 Kohms,27.19,43.20 ppb,0.141,27.31 %,0.89,25.89 °C,2.12,1.22,0.18,0.46,0.18,24.54 °C,1.69,94.68 KPa,2.67,29.65 %,0.96,72.93 Kohms,0.15,30533,0
17-07-2025 11:52:33,2.0,2.09,2.08,3.67,0.39,248 ppm,0.80,444 ppm,1.43,132 ppm,0.43,101 ppm,0.33,111 ppb,0.006,478ppm,0.00,26.54 °C,1.74,94.70 KPa,2.67,38.89 %,1.25,12946.86 Kohms,27.19,43.20 ppb,0.141,27.29 %,0.89,25.86 °C,2.12,1.21,0.18,0.45,0.18,24.53 °C,1.69,94.68 KPa,2.67,29.63 %,0.96,72.68 Kohms,0.15,30550,0
17-07-2025 11:52:38,2.0,1.84,2.08,3.69,0.41,248 ppm,0.80,444 ppm,1.43,132 ppm,0.43,101 ppm,0.33,108 ppb,0.005,479ppm,0.00,26.54 °C,1.74,94.70 KPa,2.67,38.87 %,1.25,12946.86 Kohms,27.19,43.40 ppb,0.141,27.28 %,0.89,25.89 °C,2.12,1.36,0.18,0.45,0.18,24.54 °C,1.69,94.68 KPa,2.67,29.61 %,0.96,72.81 Kohms,0.15,30565,0
17-07-2025 11:52:43,2.0,2.02,2.06,3.68,0.42,248 ppm,0.80,444 ppm,1.43,132 ppm,0.43,102 ppm,0.33,113 ppb,0.006,480ppm,0.00,26.54 °C,1.74,94.70 KPa,2.67,38.83 %,1.25,12946.86 Kohms,27.19,43.40 ppb,0.141,27.27 %,0.89,25.87 °C,2.12,1.68,0.18,0.46,0.18,24.53 °C,1.69,94.68 KPa,2.67,29.59 %,0.96,73.06 Kohms,0.15,30571,0
17-07-2025 11:52:48,2.0,1.96,2.08,3.73,0.38,248 ppm,0.80,443 ppm,1.43,132 ppm,0.43,102 ppm,0.33,110 ppb,0.006,487ppm,0.00,26.54 °C,1.74,94.70 KPa,2.67,38.81 %,1.25,12946.86 Kohms,27.19,43.60 ppb,0.141,27.27 %,0.89,25.87 °C,2.12,1.52,0.18,0.46,0.18,24.54 °C,1.69,94.68 KPa,2.67,29.59 %,0.96,72.93 Kohms,0.15,30548,0
17-07-2025 11:52:53,2.0,1.85,2.06,3.7,0.41,248 ppm,0.80,444 ppm,1.43,132 ppm,0.43,102 ppm,0.33,107 ppb,0.005,478ppm,0.00,26.54 °C,1.74,94.70 KPa,2.67,38.80 %,1.25,12946.86 Kohms,27.19,43.60 ppb,0.141,27.23 %,0.89,25.87 °C,2.12,1.66,0.18,0.45,0.18,24.53 °C,1.69,94.68 KPa,2.67,29.59 %,0.96,73.06 Kohms,0.15,30582,0
17-07-2025 11:52:58,2.0,2.1,2.06,3.71,0.38,248 ppm,0.80,444 ppm,1.43,132 ppm,0.43,102 ppm,0.33,111 ppb,0.006,487ppm,0.00,26.54 °C,1.74,94.70 KPa,2.67,38.78 %,1.25,12946.86 Kohms,27.19,43.60 ppb,0.141,27.22 %,0.89,25.88 °C,2.12,1.71,0.18,0.46,0.18,24.54 °C,1.69,94.68 KPa,2.67,29.56 %,0.96,72.87 Kohms,0.15,30584,0
17-07-2025 11:53:03,2.0,1.78,2.08,3.75,0.39,248 ppm,0.80,444 ppm,1.43,132 ppm,0.43,103 ppm,0.33,106 ppb,0.005,489ppm,0.00,26.54 °C,1.74,94.70 KPa,2.67,38.76 %,1.25,12946.86 Kohms,27.19,43.80 ppb,0.141,27.21 %,0.89,25.89 °C,2.12,1.33,0.18,0.46,0.19,24.54 °C,1.69,94.68 KPa,2.67,29.57 %,0.96,73.51 Kohms,0.15,30579,0
17-07-2025 11:53:08,2.0,2.09,2.08,3.75,0.39,248 ppm,0.80,444 ppm,1.43,132 ppm,0.43,103 ppm,0.33,108 ppb,0.005,490ppm,0.00,26.55 °C,1.74,94.70 KPa,2.67,38.75 %,1.25,12946.86 Kohms,27.19,43.80 ppb,0.141,27.19 %,0.89,25.88 °C,2.12,1.08,0.19,0.46,0.18,24.54 °C,1.69,94.68 KPa,2.67,29.57 %,0.96,73.13 Kohms,0.15,30594,0
17-07-2025 11:53:13,2.0,1.86,2.05,3.73,0.38,248 ppm,0.80,444 ppm,1.43,132 ppm,0.43,103 ppm,0.33,108 ppb,0.005,483ppm,0.00,26.55 °C,1.74,94.70 KPa,2.67,38.73 %,1.25,12946.86 Kohms,27.19,43.80 ppb,0.141,27.18 %,0.89,25.88 °C,2.12,1.12,0.18,0.46,0.18,24.54 °C,1.69,94.68 KPa,2.67,29.57 %,0.96,73.13 Kohms,0.15,30602,0
17-07-2025 11:53:18,2.0,1.95,2.05,3.74,0.38,248 ppm,0.80,443 ppm,1.43,132 ppm,0.43,103 ppm,0.33,113 ppb,0.006,492ppm,0.00,26.55 °C,1.74,94.70 KPa,2.67,38.72 %,1.25,12946.86 Kohms,27.19,44.00 ppb,0.145,27.16 %,0.89,25.87 °C,2.12,1.51,0.19,0.46,0.18,24.53 °C,1.69,94.68 KPa,2.67,29.57 %,0.96,73.38 Kohms,0.15,30587,0
17-07-2025 11:53:23,2.0,1.98,2.07,3.73,0.41,248 ppm,0.80,443 ppm,1.43,132 ppm,0.43,104 ppm,0.34,109 ppb,0.005,497ppm,0.00,26.55 °C,1.74,94.70 KPa,2.67,38.68 %,1.25,12946.86 Kohms,27.19,44.00 ppb,0.145,27.16 %,0.89,25.88 °C,2.12,1.82,0.19,0.46,0.18,24.54 °C,1.69,94.68 KPa,2.67,29.58 %,0.96,73.13 Kohms,0.15,30603,0
17-07-2025 11:53:28,2.0,1.87,2.07,3.78,0.41,248 ppm,0.80,443 ppm,1.43,132 ppm,0.43,103 ppm,0.33,114 ppb,0.006,502ppm,0.00,26.55 °C,1.74,94.70 KPa,2.67,38.68 %,1.25,12946.86 Kohms,27.19,44.00 ppb,0.145,27.14 %,0.89,25.89 °C,2.12,1.9,0.18,0.46,0.19,24.53 °C,1.69,94.68 KPa,2.67,29.57 %,0.96,73.19 Kohms,0.15,30612,0
17-07-2025 11:53:33,2.0,2.09,2.07,3.75,0.39,248 ppm,0.80,444 ppm,1.43,132 ppm,0.43,104 ppm,0.34,116 ppb,0.006,495ppm,0.00,26.55 °C,1.74,94.70 KPa,2.67,38.67 %,1.25,12946.86 Kohms,27.19,44.20 ppb,0.145,27.13 %,0.89,25.87 °C,2.12,1.56,0.18,0.46,0.18,24.53 °C,1.69,94.68 KPa,2.67,29.56 %,0.96,73.51 Kohms,0.15,30624,0
17-07-2025 11:53:38,2.0,1.79,2.05,3.75,0.38,248 ppm,0.80,443 ppm,1.43,133 ppm,0.43,103 ppm,0.33,111 ppb,0.006,500ppm,0.00,26.55 °C,1.74,94.70 KPa,2.67,38.63 %,1.25,12946.86 Kohms,27.19,44.20 ppb,0.145,27.12 %,0.89,25.87 °C,2.12,1.2,0.18,0.47,0.19,24.53 °C,1.69,94.68 KPa,2.67,29.55 %,0.96,73.25 Kohms,0.15,30611,0
17-07-2025 11:53:44,2.0,2.11,2.06,3.75,0.39,248 ppm,0.80,443 ppm,1.43,132 ppm,0.43,104 ppm,0.34,116 ppb,0.006,500ppm,0.00,26.55 °C,1.74,94.70 KPa,2.67,38.62 %,1.25,12946.86 Kohms,27.19,44.20 ppb,0.145,27.11 %,0.89,25.89 °C,2.12,1.19,0.18,0.46,0.18,24.54 °C,1.69,94.68 KPa,2.67,29.55 %,0.96,73.64 Kohms,0.15,30622,0
17-07-2025 11:53:49,2.0,1.83,2.05,3.78,0.4,247 ppm,0.80,443 ppm,1.43,132 ppm,0.43,104 ppm,0.34,106 ppb,0.005,493ppm,0.00,26.55 °C,1.74,94.69 KPa,2.67,38.60 %,1.25,12946.86 Kohms,27.19,44.40 ppb,0.145,27.10 %,0.89,25.88 °C,2.12,1.66,0.19,0.46,0.18,24.53 °C,1.69,94.68 KPa,2.67,29.53 %,0.96,73.51 Kohms,0.15,30632,0
17-07-2025 11:53:54,2.0,2.01,2.04,3.78,0.41,248 ppm,0.80,443 ppm,1.43,132 ppm,0.43,104 ppm,0.34,108 ppb,0.005,495ppm,0.00,26.56 °C,1.74,94.69 KPa,2.67,38.58 %,1.25,12946.86 Kohms,27.19,44.40 ppb,0.145,27.09 %,0.89,25.89 °C,2.12,1.93,0.18,0.46,0.18,24.53 °C,1.69,94.68 KPa,2.67,29.54 %,0.96,73.70 Kohms,0.15,30641,0
17-07-2025 11:53:59,2.0,1.98,2.05,3.82,0.41,247 ppm,0.80,443 ppm,1.43,132 ppm,0.43,105 ppm,0.34,110 ppb,0.006,498ppm,0.00,26.56 °C,1.74,94.69 KPa,2.67,38.56 %,1.25,12946.86 Kohms,27.19,44.40 ppb,0.145,27.07 %,0.89,25.87 °C,2.12,1.96,0.18,0.46,0.18,24.53 °C,1.69,94.68 KPa,2.67,29.54 %,0.96,73.64 Kohms,0.15,30624,0
17-07-2025 11:54:04,2.0,1.85,2.05,3.79,0.42,248 ppm,0.80,443 ppm,1.43,132 ppm,0.43,105 ppm,0.34,106 ppb,0.005,497ppm,0.00,26.55 °C,1.74,94.70 KPa,2.67,38.53 %,1.25,12946.86 Kohms,27.19,44.60 ppb,0.145,27.06 %,0.89,25.90 °C,2.12,1.77,0.18,0.46,0.18,24.53 °C,1.69,94.68 KPa,2.67,29.50 %,0.96,73.51 Kohms,0.15,30651,0
17-07-2025 11:54:09,2.0,2.08,2.05,3.82,0.39,248 ppm,0.80,443 ppm,1.43,132 ppm,0.43,105 ppm,0.34,110 ppb,0.006,490ppm,0.00,26.56 °C,1.74,94.69 KPa,2.67,38.53 %,1.25,12946.86 Kohms,27.19,44.60 ppb,0.145,27.06 %,0.89,25.89 °C,2.12,1.46,0.18,0.47,0.19,24.53 °C,1.69,94.68 KPa,2.67,29.51 %,0.96,73.58 Kohms,0.15,30646,0
17-07-2025 11:54:14,2.0,1.8,2.05,3.82,0.41,247 ppm,0.80,443 ppm,1.43,132 ppm,0.43,105 ppm,0.34,109 ppb,0.005,501ppm,0.00,26.55 °C,1.74,94.70 KPa,2.67,38.51 %,1.25,12946.86 Kohms,27.19,44.60 ppb,0.145,27.04 %,0.89,25.86 °C,2.12,1.26,0.18,0.47,0.19,24.53 °C,1.69,94.68 KPa,2.67,29.49 %,0.96,73.83 Kohms,0.16,30660,0
17-07-2025 11:54:19,2.0,2.0,2.05,3.79,0.39,248 ppm,0.80,442 ppm,1.43,132 ppm,0.43,105 ppm,0.34,110 ppb,0.006,493ppm,0.00,26.56 °C,1.74,94.70 KPa,2.67,38.51 %,1.25,12946.86 Kohms,27.19,44.60 ppb,0.145,27.04 %,0.89,25.87 °C,2.12,1.21,0.18,0.47,0.19,24.53 °C,1.69,94.68 KPa,2.67,29.49 %,0.96,73.83 Kohms,0.16,30645,0
17-07-2025 11:54:24,2.0,1.92,2.05,3.83,0.39,248 ppm,0.80,442 ppm,1.43,132 ppm,0.43,105 ppm,0.34,111 ppb,0.006,490ppm,0.00,26.56 °C,1.74,94.70 KPa,2.67,38.49 %,1.25,12946.86 Kohms,27.19,44.80 ppb,0.145,27.03 %,0.89,25.88 °C,2.12,1.28,0.17,0.47,0.18,24.54 °C,1.69,94.68 KPa,2.67,29.46 %,0.96,73.90 Kohms,0.16,30671,0
17-07-2025 11:54:29,2.0,2.02,2.05,3.8,0.42,248 ppm,0.80,442 ppm,1.43,132 ppm,0.43,105 ppm,0.34,112 ppb,0.006,497ppm,0.00,26.56 °C,1.74,94.69 KPa,2.67,38.48 %,1.25,12946.86 Kohms,27.19,44.80 ppb,0.145,27.01 %,0.89,25.87 °C,2.12,1.47,0.18,0.47,0.18,24.52 °C,1.69,94.67 KPa,2.67,29.44 %,0.96,73.90 Kohms,0.16,30666,0
17-07-2025 11:54:34,2.0,1.79,2.06,3.84,0.4,248 ppm,0.80,442 ppm,1.43,133 ppm,0.43,105 ppm,0.34,114 ppb,0.006,494ppm,0.00,26.56 °C,1.74,94.69 KPa,2.67,38.47 %,1.25,12946.86 Kohms,27.19,44.80 ppb,0.145,27.00 %,0.89,25.89 °C,2.12,1.85,0.18,0.47,0.18,24.53 °C,1.69,94.68 KPa,2.67,29.43 %,0.96,73.90 Kohms,0.16,30657,0
17-07-2025 11:54:39,2.0,2.07,2.07,3.83,0.42,248 ppm,0.80,443 ppm,1.43,132 ppm,0.43,105 ppm,0.34,113 ppb,0.006,493ppm,0.00,26.56 °C,1.74,94.69 KPa,2.67,38.46 %,1.25,12946.86 Kohms,27.19,44.80 ppb,0.145,26.99 %,0.86,25.87 °C,2.12,1.92,0.18,0.47,0.18,24.53 °C,1.69,94.68 KPa,2.67,29.43 %,0.96,74.16 Kohms,0.16,30676,0
17-07-2025 11:54:44,2.0,1.84,2.07,3.8,0.42,247 ppm,0.80,442 ppm,1.43,133 ppm,0.43,105 ppm,0.34,108 ppb,0.005,488ppm,0.00,26.57 °C,1.74,94.70 KPa,2.67,38.44 %,1.25,12946.86 Kohms,27.19,45.00 ppb,0.148,27.00 %,0.89,25.89 °C,2.12,1.81,0.19,0.47,0.19,24.53 °C,1.69,94.68 KPa,2.67,29.44 %,0.96,74.23 Kohms,0.16,30687,0
17-07-2025 11:54:49,2.0,2.09,2.05,3.81,0.38,248 ppm,0.80,442 ppm,1.43,132 ppm,0.43,105 ppm,0.34,113 ppb,0.006,495ppm,0.00,26.56 °C,1.74,94.70 KPa,2.67,38.45 %,1.25,12946.86 Kohms,27.19,45.00 ppb,0.148,26.99 %,0.86,25.88 °C,2.12,1.81,0.18,0.47,0.19,24.53 °C,1.69,94.68 KPa,2.67,29.43 %,0.96,73.97 Kohms,0.16,30676,0
17-07-2025 11:54:54,2.0,1.77,2.06,3.83,0.39,248 ppm,0.80,442 ppm,1.43,132 ppm,0.43,105 ppm,0.34,108 ppb,0.005,488ppm,0.00,26.57 °C,1.74,94.69 KPa,2.67,38.40 %,1.25,12946.86 Kohms,27.19,45.00 ppb,0.148,26.99 %,0.86,25.89 °C,2.12,1.7,0.19,0.47,0.19,24.53 °C,1.69,94.68 KPa,2.67,29.44 %,0.96,74.03 Kohms,0.16,30701,0
17-07-2025 11:54:59,2.0,2.07,2.07,3.82,0.42,247 ppm,0.80,442 ppm,1.43,133 ppm,0.43,105 ppm,0.34,109 ppb,0.005,489ppm,0.00,26.57 °C,1.74,94.70 KPa,2.67,38.41 %,1.25,12946.86 Kohms,27.19,45.00 ppb,0.148,26.97 %,0.86,25.89 °C,2.12,1.52,0.18,0.47,0.18,24.53 °C,1.69,94.68 KPa,2.67,29.44 %,0.96,74.16 Kohms,0.16,30693,0
17-07-2025 11:55:04,2.0,1.84,2.06,3.81,0.39,248 ppm,0.80,442 ppm,1.43,132 ppm,0.43,105 ppm,0.34,108 ppb,0.005,492ppm,0.00,26.57 °C,1.74,94.70 KPa,2.67,38.40 %,1.25,12946.86 Kohms,27.19,45.00 ppb,0.148,26.96 %,0.86,25.87 °C,2.12,1.29,0.18,0.47,0.18,24.53 °C,1.69,94.68 KPa,2.67,29.44 %,0.96,74.16 Kohms,0.16,30705,0
17-07-2025 11:55:09,2.0,2.02,2.05,3.82,0.39,247 ppm,0.80,442 ppm,1.43,132 ppm,0.43,106 ppm,0.34,108 ppb,0.005,489ppm,0.00,26.58 °C,1.74,94.70 KPa,2.67,38.39 %,1.25,12946.86 Kohms,27.19,45.20 ppb,0.148,26.95 %,0.86,25.87 °C,2.12,1.2,0.18,0.47,0.18,24.52 °C,1.69,94.68 KPa,2.67,29.42 %,0.96,74.36 Kohms,0.16,30687,0
17-07-2025 11:55:14,2.0,1.84,2.07,3.82,0.42,247 ppm,0.80,441 ppm,1.42,133 ppm,0.43,105 ppm,0.34,106 ppb,0.005,483ppm,0.00,26.57 °C,1.74,94.69 KPa,2.67,38.36 %,1.25,12946.86 Kohms,27.19,45.20 ppb,0.148,26.95 %,0.86,25.86 °C,2.12,1.25,0.18,0.47,0.18,24.53 °C,1.69,94.68 KPa,2.67,29.43 %,0.96,74.16 Kohms,0.16,30708,0
17-07-2025 11:55:19,2.0,2.02,2.05,3.86,0.39,247 ppm,0.80,442 ppm,1.43,132 ppm,0.43,106 ppm,0.34,107 ppb,0.005,488ppm,0.00,26.57 °C,1.74,94.69 KPa,2.67,38.34 %,1.25,12946.86 Kohms,27.19,45.20 ppb,0.148,26.94 %,0.86,25.88 °C,2.12,1.29,0.18,0.47,0.18,24.53 °C,1.69,94.68 KPa,2.67,29.41 %,0.96,74.36 Kohms,0.16,30722,0
17-07-2025 11:55:24,2.0,1.9,2.06,3.86,0.42,247 ppm,0.80,442 ppm,1.43,133 ppm,0.43,106 ppm,0.34,102 ppb,0.005,479ppm,0.00,26.58 °C,1.74,94.69 KPa,2.67,38.35 %,1.25,12946.86 Kohms,27.19,45.20 ppb,0.148,26.92 %,0.86,25.86 °C,2.12,1.24,0.18,0.47,0.18,24.52 °C,1.69,94.67 KPa,2.67,29.39 %,0.96,74.29 Kohms,0.16,30728,0
17-07-2025 11:55:29,2.0,2.02,2.05,3.83,0.42,247 ppm,0.80,442 ppm,1.43,133 ppm,0.43,105 ppm,0.34,104 ppb,0.005,477ppm,0.00,26.58 °C,1.74,94.69 KPa,2.67,38.33 %,1.25,12946.86 Kohms,27.19,45.20 ppb,0.148,26.93 %,0.86,25.89 °C,2.12,1.6,0.19,0.47,0.19,24.53 °C,1.69,94.68 KPa,2.67,29.39 %,0.96,74.49 Kohms,0.16,30728,0
17-07-2025 11:55:34,2.0,1.92,2.05,3.87,0.42,247 ppm,0.80,441 ppm,1.42,132 ppm,0.43,105 ppm,0.34,107 ppb,0.005,479ppm,0.00,26.58 °C,1.74,94.70 KPa,2.67,38.34 %,1.25,12946.86 Kohms,27.19,45.20 ppb,0.148,26.92 %,0.86,25.89 °C,2.12,1.65,0.18,0.47,0.18,24.52 °C,1.69,94.67 KPa,2.67,29.38 %,0.96,74.43 Kohms,0.16,30719,0
17-07-2025 11:55:39,2.0,1.82,2.07,3.83,0.39,247 ppm,0.80,441 ppm,1.42,132 ppm,0.43,105 ppm,0.34,105 ppb,0.005,478ppm,0.00,26.57 °C,1.74,94.69 KPa,2.67,38.32 %,1.25,12946.86 Kohms,27.19,45.20 ppb,0.148,26.90 %,0.86,25.88 °C,2.12,1.75,0.18,0.47,0.18,24.53 °C,1.69,94.68 KPa,2.67,29.41 %,0.96,74.43 Kohms,0.16,30723,0
17-07-2025 11:55:44,2.0,2.1,2.05,3.83,0.42,248 ppm,0.80,441 ppm,1.42,133 ppm,0.43,106 ppm,0.34,101 ppb,0.005,473ppm,0.00,26.58 °C,1.74,94.69 KPa,2.67,38.32 %,1.25,12946.86 Kohms,27.19,45.20 ppb,0.148,26.90 %,0.86,25.87 °C,2.12,1.83,0.19,0.48,0.18,24.53 °C,1.69,94.68 KPa,2.67,29.39 %,0.96,74.49 Kohms,0.16,30724,0
17-07-2025 11:55:49,2.0,1.81,2.06,3.87,0.39,247 ppm,0.80,441 ppm,1.42,132 ppm,0.43,106 ppm,0.34,106 ppb,0.005,483ppm,0.00,26.58 °C,1.74,94.69 KPa,2.67,38.29 %,1.25,12946.86 Kohms,27.19,45.40 ppb,0.148,26.90 %,0.86,25.87 °C,2.12,1.91,0.18,0.47,0.18,24.53 °C,1.69,94.68 KPa,2.67,29.39 %,0.96,74.56 Kohms,0.16,30724,0
17-07-2025 11:55:54,2.0,2.01,2.08,3.84,0.41,247 ppm,0.80,441 ppm,1.42,132 ppm,0.43,105 ppm,0.34,104 ppb,0.005,477ppm,0.00,26.58 °C,1.74,94.69 KPa,2.67,38.29 %,1.25,12946.86 Kohms,27.19,45.40 ppb,0.148,26.88 %,0.86,25.87 °C,2.12,1.92,0.19,0.47,0.18,24.52 °C,1.69,94.67 KPa,2.67,29.39 %,0.96,74.43 Kohms,0.16,30730,0
17-07-2025 11:55:59,2.0,1.86,2.08,3.84,0.42,247 ppm,0.80,441 ppm,1.42,132 ppm,0.43,105 ppm,0.34,109 ppb,0.005,476ppm,0.00,26.58 °C,1.74,94.69 KPa,2.67,38.28 %,1.25,12946.86 Kohms,27.19,45.40 ppb,0.148,26.88 %,0.86,25.87 °C,2.12,1.93,0.19,0.47,0.18,24.53 °C,1.69,94.68 KPa,2.67,29.38 %,0.96,74.43 Kohms,0.16,30732,0
17-07-2025 11:56:04,2.0,2.01,2.06,3.84,0.39,247 ppm,0.80,441 ppm,1.42,132 ppm,0.43,106 ppm,0.34,102 ppb,0.005,470ppm,0.00,26.59 °C,1.74,94.69 KPa,2.67,38.25 %,1.25,12946.86 Kohms,27.19,45.40 ppb,0.148,26.87 %,0.86,25.88 °C,2.12,1.85,0.19,0.47,0.18,24.52 °C,1.69,94.67 KPa,2.67,29.37 %,0.96,74.43 Kohms,0.16,30735,0
17-07-2025 11:56:09,2.0,1.92,2.07,3.86,0.4,248 ppm,0.80,441 ppm,1.42,132 ppm,0.43,106 ppm,0.34,104 ppb,0.005,470ppm,0.00,26.58 °C,1.74,94.69 KPa,2.67,38.25 %,1.25,12946.86 Kohms,27.19,45.40 ppb,0.148,26.86 %,0.86,25.87 °C,2.12,1.73,0.19,0.48,0.18,24.52 °C,1.69,94.67 KPa,2.67,29.38 %,0.96,74.76 Kohms,0.16,30739,0
17-07-2025 11:56:14,2.0,1.82,2.07,3.88,0.39,247 ppm,0.80,441 ppm,1.42,132 ppm,0.43,106 ppm,0.34,97 ppb,0.005,470ppm,0.00,26.59 °C,1.74,94.70 KPa,2.67,38.22 %,1.25,12946.86 Kohms,27.19,45.40 ppb,0.148,26.87 %,0.86,25.87 °C,2.12,1.54,0.19,0.48,0.18,24.53 °C,1.69,94.68 KPa,2.67,29.39 %,0.96,75.03 Kohms,0.16,30738,0
17-07-2025 11:56:19,2.0,2.08,2.08,3.84,0.4,247 ppm,0.80,441 ppm,1.42,133 ppm,0.43,106 ppm,0.34,94 ppb,0.005,466ppm,0.00,26.58 °C,1.74,94.69 KPa,2.67,38.22 %,1.25,12946.86 Kohms,27.19,45.40 ppb,0.148,26.84 %,0.86,25.87 °C,2.12,1.38,0.18,0.48,0.18,24.53 °C,1.69,94.68 KPa,2.67,29.38 %,0.96,74.69 Kohms,0.16,30733,0
17-07-2025 11:56:24,2.0,1.88,2.06,3.87,0.4,247 ppm,0.80,441 ppm,1.42,131 ppm,0.42,105 ppm,0.34,99 ppb,0.005,471ppm,0.00,26.58 °C,1.74,94.69 KPa,2.67,38.22 %,1.25,12946.86 Kohms,27.19,45.40 ppb,0.148,26.84 %,0.86,25.88 °C,2.12,1.28,0.18,0.48,0.18,24.52 °C,1.69,94.67 KPa,2.67,29.39 %,0.96,75.23 Kohms,0.16,30767,0
17-07-2025 11:56:29,2.0,1.93,2.07,3.89,0.42,247 ppm,0.80,441 ppm,1.42,133 ppm,0.43,106 ppm,0.34,100 ppb,0.005,463ppm,0.00,26.58 °C,1.74,94.69 KPa,2.67,38.20 %,1.25,12946.86 Kohms,27.19,45.40 ppb,0.148,26.84 %,0.86,25.87 °C,2.12,1.23,0.18,0.48,0.18,24.52 °C,1.69,94.68 KPa,2.67,29.38 %,0.96,74.69 Kohms,0.16,30745,0
17-07-2025 11:56:34,2.0,1.95,2.07,3.88,0.42,247 ppm,0.80,440 ppm,1.42,132 ppm,0.43,106 ppm,0.34,100 ppb,0.005,466ppm,0.00,26.59 °C,1.74,94.69 KPa,2.67,38.19 %,1.25,12946.86 Kohms,27.19,45.40 ppb,0.148,26.82 %,0.86,25.88 °C,2.12,1.29,0.18,0.47,0.19,24.52 °C,1.69,94.67 KPa,2.67,29.39 %,0.96,74.56 Kohms,0.16,30741,0
17-07-2025 11:56:39,2.0,1.79,2.07,3.84,0.42,247 ppm,0.80,441 ppm,1.42,132 ppm,0.43,106 ppm,0.34,97 ppb,0.005,458ppm,0.00,26.59 °C,1.74,94.69 KPa,2.67,38.18 %,1.25,12946.86 Kohms,27.19,45.40 ppb,0.148,26.83 %,0.86,25.88 °C,2.12,1.89,0.19,0.48,0.19,24.52 °C,1.69,94.67 KPa,2.67,29.46 %,0.96,75.16 Kohms,0.16,30798,0
17-07-2025 11:56:44,2.0,2.12,2.09,3.85,0.39,248 ppm,0.80,440 ppm,1.42,132 ppm,0.43,106 ppm,0.34,101 ppb,0.005,461ppm,0.00,26.59 °C,1.74,94.69 KPa,2.67,38.17 %,1.25,12946.86 Kohms,27.19,45.40 ppb,0.148,26.80 %,0.86,25.89 °C,2.12,1.95,0.19,0.47,0.18,24.52 °C,1.69,94.67 KPa,2.67,29.48 %,0.96,74.96 Kohms,0.16,30796,0
17-07-2025 11:56:49,2.0,1.82,2.08,3.85,0.4,247 ppm,0.80,440 ppm,1.42,132 ppm,0.43,106 ppm,0.34,95 ppb,0.005,463ppm,0.00,26.59 °C,1.74,94.69 KPa,2.67,38.18 %,1.25,12946.86 Kohms,27.19,45.40 ppb,0.148,26.79 %,0.86,25.88 °C,2.12,1.85,0.18,0.48,0.19,24.52 °C,1.69,94.67 KPa,2.67,29.62 %,0.96,74.29 Kohms,0.16,30766,0
17-07-2025 11:56:54,2.0,2.05,2.07,3.83,0.39,247 ppm,0.80,440 ppm,1.42,132 ppm,0.43,106 ppm,0.34,92 ppb,0.005,463ppm,0.00,26.59 °C,1.74,94.69 KPa,2.67,38.16 %,1.25,12946.86 Kohms,27.19,45.40 ppb,0.148,26.79 %,0.86,25.86 °C,2.12,1.65,0.19,0.47,0.19,24.52 °C,1.69,94.67 KPa,2.67,29.78 %,0.96,74.16 Kohms,0.16,30735,0
17-07-2025 11:56:59,2.0,1.81,2.09,3.86,0.4,247 ppm,0.80,440 ppm,1.42,132 ppm,0.43,105 ppm,0.34,92 ppb,0.005,460ppm,0.00,26.59 °C,1.74,94.69 KPa,2.67,38.17 %,1.25,12946.86 Kohms,27.19,45.40 ppb,0.148,26.79 %,0.86,25.88 °C,2.12,1.42,0.19,0.47,0.18,24.52 °C,1.69,94.67 KPa,2.67,29.97 %,0.96,73.58 Kohms,0.15,30720,0
17-07-2025 11:57:04,2.0,2.08,2.08,3.87,0.39,247 ppm,0.80,440 ppm,1.42,133 ppm,0.43,106 ppm,0.34,96 ppb,0.005,462ppm,0.00,26.59 °C,1.74,94.69 KPa,2.67,38.15 %,1.25,12946.86 Kohms,27.19,45.40 ppb,0.148,26.78 %,0.86,25.86 °C,2.12,1.25,0.19,0.47,0.19,24.53 °C,1.69,94.68 KPa,2.67,30.07 %,0.99,73.70 Kohms,0.15,30703,0
17-07-2025 11:57:09,2.0,1.83,2.08,3.87,0.42,247 ppm,0.80,440 ppm,1.42,133 ppm,0.43,106 ppm,0.34,91 ppb,0.005,457ppm,0.00,26.59 °C,1.74,94.69 KPa,2.67,38.16 %,1.25,12946.86 Kohms,27.19,45.40 ppb,0.148,26.78 %,0.86,25.89 °C,2.12,1.2,0.19,0.48,0.18,24.52 °C,1.69,94.67 KPa,2.67,30.15 %,0.99,73.64 Kohms,0.15,30721,0
17-07-2025 11:57:14,2.0,2.05,2.09,3.87,0.39,247 ppm,0.80,440 ppm,1.42,132 ppm,0.43,106 ppm,0.34,94 ppb,0.005,457ppm,0.00,26.59 °C,1.74,94.69 KPa,2.67,38.13 %,1.25,12946.86 Kohms,27.19,45.40 ppb,0.148,26.78 %,0.86,25.87 °C,2.12,1.32,0.18,0.47,0.18,24.52 °C,1.69,94.67 KPa,2.67,30.14 %,0.99,74.10 Kohms,0.16,30725,0
17-07-2025 11:57:19,2.0,1.92,2.07,3.85,0.4,247 ppm,0.80,440 ppm,1.42,132 ppm,0.43,106 ppm,0.34,90 ppb,0.004,454ppm,0.00,26.60 °C,1.74,94.69 KPa,2.67,38.12 %,1.25,12946.86 Kohms,27.19,45.40 ppb,0.148,26.77 %,0.86,25.87 °C,2.12,1.53,0.18,0.47,0.18,24.53 °C,1.69,94.68 KPa,2.67,30.11 %,0.99,73.90 Kohms,0.16,30755,0
17-07-2025 11:57:24,2.0,2.01,2.07,3.83,0.4,247 ppm,0.80,440 ppm,1.42,133 ppm,0.43,105 ppm,0.34,95 ppb,0.005,449ppm,0.00,26.61 °C,1.74,94.70 KPa,2.67,38.12 %,1.25,12946.86 Kohms,27.19,45.40 ppb,0.148,26.76 %,0.86,25.87 °C,2.12,1.74,0.18,0.47,0.18,24.53 °C,1.69,94.68 KPa,2.67,30.09 %,0.99,74.29 Kohms,0.16,30753,0
17-07-2025 11:57:29,2.0,1.87,2.08,3.83,0.42,247 ppm,0.80,439 ppm,1.42,132 ppm,0.43,105 ppm,0.34,95 ppb,0.005,460ppm,0.00,26.60 °C,1.74,94.69 KPa,2.67,38.09 %,1.25,12946.86 Kohms,27.19,45.40 ppb,0.148,26.77 %,0.86,25.87 °C,2.12,1.89,0.18,0.47,0.18,24.52 °C,1.69,94.67 KPa,2.67,30.05 %,0.99,74.23 Kohms,0.16,30744,0
17-07-2025 11:57:34,2.0,1.96,2.07,3.87,0.4,246 ppm,0.79,439 ppm,1.42,132 ppm,0.43,106 ppm,0.34,94 ppb,0.005,454ppm,0.00,26.59 °C,1.74,94.69 KPa,2.67,38.09 %,1.25,12946.86 Kohms,27.19,45.40 ppb,0.148,26.76 %,0.86,25.87 °C,2.12,1.71,0.18,0.48,0.18,24.53 °C,1.69,94.68 KPa,2.67,30.00 %,0.99,74.36 Kohms,0.16,30769,0
17-07-2025 11:57:39,2.0,2.13,2.09,3.86,0.4,247 ppm,0.80,439 ppm,1.42,132 ppm,0.43,105 ppm,0.34,92 ppb,0.005,446ppm,0.00,26.60 °C,1.74,94.69 KPa,2.67,38.09 %,1.25,12946.86 Kohms,27.19,45.40 ppb,0.148,26.75 %,0.86,25.88 °C,2.12,1.37,0.18,0.47,0.18,24.53 °C,1.69,94.68 KPa,2.67,29.98 %,0.96,74.62 Kohms,0.16,30778,0
17-07-2025 11:57:44,2.0,1.84,2.08,3.87,0.4,247 ppm,0.80,440 ppm,1.42,132 ppm,0.43,105 ppm,0.34,90 ppb,0.004,453ppm,0.00,26.61 °C,1.74,94.69 KPa,2.67,38.08 %,1.25,12946.86 Kohms,27.19,45.40 ppb,0.148,26.75 %,0.86,25.89 °C,2.12,1.2,0.18,0.47,0.18,24.53 °C,1.69,94.68 KPa,2.67,29.95 %,0.96,74.36 Kohms,0.16,30782,0
17-07-2025 11:57:49,2.0,1.97,2.08,3.85,0.4,247 ppm,0.80,439 ppm,1.42,132 ppm,0.43,106 ppm,0.34,90 ppb,0.004,439ppm,0.00,26.61 °C,1.74,94.69 KPa,2.67,38.08 %,1.25,12946.86 Kohms,27.19,45.40 ppb,0.148,26.74 %,0.86,25.87 °C,2.12,1.23,0.19,0.48,0.18,24.53 °C,1.69,94.68 KPa,2.67,29.90 %,0.96,74.56 Kohms,0.16,30782,0
17-07-2025 11:57:54,2.0,1.87,2.08,3.86,0.4,247 ppm,0.80,439 ppm,1.42,132 ppm,0.43,106 ppm,0.34,87 ppb,0.004,441ppm,0.00,26.60 °C,1.74,94.69 KPa,2.67,38.07 %,1.25,12946.86 Kohms,27.19,45.40 ppb,0.148,26.73 %,0.86,25.86 °C,2.12,1.51,0.19,0.47,0.18,24.53 °C,1.69,94.68 KPa,2.67,29.88 %,0.96,74.82 Kohms,0.16,30778,0
17-07-2025 11:57:59,2.0,2.0,2.08,3.87,0.42,247 ppm,0.80,439 ppm,1.42,132 ppm,0.43,105 ppm,0.34,92 ppb,0.005,445ppm,0.00,26.61 °C,1.74,94.69 KPa,2.67,38.07 %,1.25,12946.86 Kohms,27.19,45.40 ppb,0.148,26.72 %,0.86,25.87 °C,2.12,1.83,0.18,0.47,0.18,24.53 °C,1.69,94.68 KPa,2.67,29.81 %,0.96,74.76 Kohms,0.16,30806,0
17-07-2025 11:58:04,2.0,1.84,2.08,3.83,0.42,247 ppm,0.80,439 ppm,1.42,132 ppm,0.43,105 ppm,0.34,96 ppb,0.005,452ppm,0.00,26.61 °C,1.74,94.69 KPa,2.67,38.05 %,1.25,12946.86 Kohms,27.19,45.20 ppb,0.148,26.72 %,0.86,25.86 °C,2.12,1.94,0.19,0.48,0.18,24.53 °C,1.69,94.68 KPa,2.67,29.80 %,0.96,74.89 Kohms,0.16,30816,0
17-07-2025 11:58:09,2.0,2.05,2.08,3.83,0.39,247 ppm,0.80,439 ppm,1.42,132 ppm,0.43,105 ppm,0.34,91 ppb,0.005,443ppm,0.00,26.61 °C,1.74,94.69 KPa,2.67,38.06 %,1.25,12946.86 Kohms,27.19,45.20 ppb,0.148,26.71 %,0.86,25.87 °C,2.12,1.87,0.18,0.48,0.18,24.53 °C,1.69,94.68 KPa,2.67,29.77 %,0.96,74.82 Kohms,0.16,30811,0
17-07-2025 11:58:14,2.0,1.8,2.1,3.87,0.42,247 ppm,0.80,439 ppm,1.42,132 ppm,0.43,105 ppm,0.34,93 ppb,0.005,449ppm,0.00,26.61 °C,1.74,94.69 KPa,2.67,38.05 %,1.25,12946.86 Kohms,27.19,45.20 ppb,0.148,26.72 %,0.86,25.87 °C,2.12,1.65,0.19,0.47,0.18,24.53 °C,1.69,94.67 KPa,2.67,29.77 %,0.96,74.96 Kohms,0.16,30815,0
17-07-2025 11:58:19,2.0,2.09,2.08,3.86,0.4,247 ppm,0.80,439 ppm,1.42,132 ppm,0.43,106 ppm,0.34,86 ppb,0.004,439ppm,0.00,26.61 °C,1.74,94.69 KPa,2.67,38.04 %,1.25,12946.86 Kohms,27.19,45.20 ppb,0.148,26.72 %,0.86,25.86 °C,2.12,1.34,0.19,0.48,0.19,24.53 °C,1.69,94.68 KPa,2.67,29.73 %,0.96,74.82 Kohms,0.16,30801,0
17-07-2025 11:58:24,2.0,1.83,2.1,3.83,0.4,247 ppm,0.80,439 ppm,1.42,132 ppm,0.43,105 ppm,0.34,90 ppb,0.004,440ppm,0.00,26.61 °C,1.74,94.69 KPa,2.67,38.03 %,1.25,12946.86 Kohms,27.19,45.20 ppb,0.148,26.70 %,0.86,25.87 °C,2.12,1.19,0.19,0.48,0.18,24.53 °C,1.69,94.68 KPa,2.67,29.70 %,0.96,75.23 Kohms,0.16,30816,0
17-07-2025 11:58:29,2.0,2.06,2.11,3.86,0.42,247 ppm,0.80,439 ppm,1.42,132 ppm,0.43,106 ppm,0.34,87 ppb,0.004,434ppm,0.00,26.61 °C,1.74,94.69 KPa,2.67,38.02 %,1.25,12946.86 Kohms,27.19,45.20 ppb,0.148,26.70 %,0.86,25.87 °C,2.12,1.3,0.18,0.47,0.18,24.53 °C,1.69,94.68 KPa,2.67,29.67 %,0.96,75.09 Kohms,0.16,30840,0
17-07-2025 11:58:34,2.0,2.04,2.11,3.86,0.4,247 ppm,0.80,439 ppm,1.42,132 ppm,0.43,106 ppm,0.34,90 ppb,0.004,437ppm,0.00,26.61 °C,1.74,94.69 KPa,2.67,38.03 %,1.25,12946.86 Kohms,27.19,45.20 ppb,0.148,26.69 %,0.86,25.86 °C,2.12,1.63,0.18,0.47,0.18,24.53 °C,1.69,94.68 KPa,2.67,29.66 %,0.96,74.89 Kohms,0.16,30827,0
17-07-2025 11:58:39,2.0,1.79,2.11,3.86,0.4,247 ppm,0.80,439 ppm,1.42,133 ppm,0.43,106 ppm,0.34,89 ppb,0.004,436ppm,0.00,26.61 °C,1.74,94.69 KPa,2.67,38.00 %,1.25,12946.86 Kohms,27.19,45.20 ppb,0.148,26.69 %,0.86,25.89 °C,2.12,1.87,0.19,0.47,0.18,24.53 °C,1.69,94.68 KPa,2.67,29.65 %,0.96,75.16 Kohms,0.16,30824,0
17-07-2025 11:58:44,2.0,2.1,2.12,3.85,0.4,247 ppm,0.80,439 ppm,1.42,132 ppm,0.43,106 ppm,0.34,84 ppb,0.004,433ppm,0.00,26.62 °C,1.74,94.69 KPa,2.67,38.02 %,1.25,12946.86 Kohms,27.19,45.00 ppb,0.148,26.69 %,0.86,25.87 °C,2.12,1.96,0.18,0.47,0.18,24.53 °C,1.69,94.67 KPa,2.67,29.64 %,0.96,75.43 Kohms,0.16,30810,0
17-07-2025 11:58:49,2.0,1.79,2.11,3.83,0.4,247 ppm,0.80,439 ppm,1.42,132 ppm,0.43,106 ppm,0.34,83 ppb,0.004,438ppm,0.00,26.61 °C,1.74,94.69 KPa,2.67,38.01 %,1.25,12946.86 Kohms,27.19,45.00 ppb,0.148,26.67 %,0.86,25.87 °C,2.12,1.85,0.18,0.47,0.19,24.53 °C,1.69,94.67 KPa,2.67,29.65 %,0.96,75.09 Kohms,0.16,30833,0
17-07-2025 11:58:54,2.0,2.09,2.12,3.83,0.4,247 ppm,0.80,438 ppm,1.41,132 ppm,0.43,105 ppm,0.34,89 ppb,0.004,437ppm,0.00,26.61 °C,1.74,94.69 KPa,2.67,37.99 %,1.22,12946.86 Kohms,27.19,45.00 ppb,0.148,26.67 %,0.86,25.87 °C,2.12,1.58,0.19,0.48,0.18,24.53 °C,1.69,94.68 KPa,2.67,29.66 %,0.96,75.09 Kohms,0.16,30808,0
17-07-2025 11:58:59,2.0,1.85,2.13,3.86,0.4,247 ppm,0.80,439 ppm,1.42,132 ppm,0.43,105 ppm,0.34,83 ppb,0.004,422ppm,0.00,26.61 °C,1.74,94.69 KPa,2.67,37.97 %,1.22,12946.86 Kohms,27.19,45.00 ppb,0.148,26.66 %,0.86,25.86 °C,2.12,1.89,0.18,0.47,0.18,24.56 °C,1.69,94.68 KPa,2.67,29.52 %,0.96,75.84 Kohms,0.16,30883,0
17-07-2025 11:59:04,2.0,2.06,2.13,3.82,0.42,247 ppm,0.80,438 ppm,1.41,132 ppm,0.43,106 ppm,0.34,85 ppb,0.004,428ppm,0.00,26.62 °C,1.74,94.69 KPa,2.67,37.98 %,1.22,12946.86 Kohms,27.19,45.00 ppb,0.148,26.68 %,0.86,25.88 °C,2.12,1.88,0.19,0.48,0.19,24.55 °C,1.69,94.67 KPa,2.67,29.51 %,0.96,75.84 Kohms,0.16,30869,0
17-07-2025 11:59:09,2.0,1.83,2.12,3.86,0.4,246 ppm,0.79,438 ppm,1.41,132 ppm,0.43,105 ppm,0.34,86 ppb,0.004,431ppm,0.00,26.62 °C,1.74,94.69 KPa,2.67,37.99 %,1.22,12946.86 Kohms,27.19,45.00 ppb,0.148,26.66 %,0.86,25.87 °C,2.12,1.68,0.18,0.48,0.19,24.55 °C,1.69,94.67 KPa,2.67,29.50 %,0.96,75.98 Kohms,0.16,30887,0
17-07-2025 11:59:14,2.0,1.88,2.12,3.85,0.4,247 ppm,0.80,438 ppm,1.41,132 ppm,0.43,105 ppm,0.34,85 ppb,0.004,428ppm,0.00,26.62 °C,1.74,94.69 KPa,2.67,37.97 %,1.22,12946.86 Kohms,27.19,45.00 ppb,0.148,26.66 %,0.86,25.86 °C,2.12,1.44,0.18,0.48,0.19,24.55 °C,1.69,94.68 KPa,2.67,29.46 %,0.96,76.26 Kohms,0.16,30903,0
